survived,pclass,sex,age,sibsp,parch,fare,embarked,class,who,adult_male,embark_town,alive,alone,family_size,age_std,fare_std
0,3,male,22.0,1,0,7.25,S,Third,man,True,Southampton,no,False,1,-0.5276685572919841,-0.5002397510893574
1,1,female,38.0,1,0,71.2833,C,First,woman,False,Cherbourg,yes,False,1,0.577093875175718,0.788946607905507
1,3,female,26.0,0,0,7.925,S,Third,woman,False,Southampton,yes,True,0,-0.2514779491750586,-0.48664993466069395
1,1,female,35.0,1,0,53.1,S,First,woman,False,Southampton,yes,False,1,0.3699509190880238,0.4228611129909654
0,3,male,35.0,0,0,8.05,S,Third,man,True,Southampton,no,True,0,0.3699509190880238,-0.4841333019887193
0,3,male,,0,0,8.4583,Q,Third,man,True,Queenstown,no,True,0,,-0.47591297302898106
0,1,male,54.0,0,0,51.8625,S,First,man,True,Southampton,no,True,0,1.68185630764342,0.39794644953841574
0,3,male,2.0,3,1,21.075,S,Third,child,False,Southampton,no,False,4,-1.9086215978766117,-0.22190017756895475
1,3,female,27.0,0,2,11.1333,S,Third,woman,False,Southampton,yes,False,2,-0.18243029714582723,-0.4220570338487224
1,2,female,14.0,1,0,30.0708,C,Second,child,False,Cherbourg,yes,False,1,-1.0800497735258352,-0.040787184044554156
1,3,female,4.0,1,1,16.7,S,Third,child,False,Southampton,yes,False,2,-1.770526293818149,-0.3099823210880695
1,1,female,58.0,0,0,26.55,S,First,woman,False,Southampton,yes,True,0,1.9580469157603455,-0.11167166653646252
0,3,male,20.0,0,0,8.05,S,Third,man,True,Southampton,no,True,0,-0.6657638613504469,-0.4841333019887193
0,3,male,39.0,1,5,31.275,S,Third,man,True,Southampton,no,False,6,0.6461415272049493,-0.016542951535818605
0,3,female,14.0,0,0,7.8542,S,Third,child,False,Southampton,no,True,0,-1.0800497735258352,-0.4880753554061005
1,2,female,55.0,0,0,16.0,S,Second,woman,False,Southampton,yes,True,0,1.7509039596726514,-0.32407546405112786
0,3,male,2.0,4,1,29.125,Q,Third,child,False,Queenstown,no,False,5,-1.9086215978766117,-0.05982903349378355
1,2,male,,0,0,13.0,S,Second,man,True,Southampton,yes,True,0,,-0.38447464817852084
0,3,female,31.0,1,0,18.0,S,Third,woman,False,Southampton,no,False,1,0.09376031097109828,-0.28380934129953256
1,3,female,,0,0,7.225,C,Third,woman,False,Cherbourg,yes,True,0,,-0.5007430776237524
0,2,male,35.0,0,0,26.0,S,Second,man,True,Southampton,no,True,0,0.3699509190880238,-0.12274485029315124
1,2,male,34.0,0,0,13.0,S,Second,man,True,Southampton,yes,True,0,0.30090326705879245,-0.38447464817852084
1,3,female,15.0,0,0,8.0292,Q,Third,child,False,Queenstown,yes,True,0,-1.0110021214966038,-0.48455206966533587
1,1,male,28.0,0,0,35.5,S,First,man,True,Southampton,yes,True,0,-0.11338264511659585,0.06851923277692655
0,3,female,8.0,3,1,21.075,S,Third,child,False,Southampton,no,False,4,-1.4943356857012233,-0.22190017756895475
1,3,female,38.0,1,5,31.3875,S,Third,woman,False,Southampton,yes,False,6,0.577093875175718,-0.014277982131041355
0,3,male,,0,0,7.225,C,Third,man,True,Cherbourg,no,True,0,,-0.5007430776237524
0,1,male,19.0,3,2,263.0,S,First,man,True,Southampton,no,False,5,-0.7348115133796783,4.648790695770894
1,3,female,,0,0,7.8792,Q,Third,woman,False,Queenstown,yes,True,0,,-0.4875720288717055
0,3,male,,0,0,7.8958,S,Third,man,True,Southampton,no,True,0,,-0.48723782005286725
0,1,male,40.0,0,0,27.7208,C,First,man,True,Cherbourg,no,True,0,0.7151891792341807,-0.08809987827767862
1,1,female,,1,0,146.5208,C,First,woman,False,Cherbourg,yes,False,1,,2.3037078131670836
1,3,female,,0,0,7.75,Q,Third,woman,False,Queenstown,yes,True,0,,-0.49017322040145855
0,2,male,66.0,0,0,10.5,S,Second,man,True,Southampton,no,True,0,2.510428131994197,-0.434807301618015
0,1,male,28.0,1,0,82.1708,C,First,man,True,Cherbourg,no,False,1,-0.11338264511659585,1.008145313634504
0,1,male,42.0,1,0,52.0,S,First,man,True,Southampton,no,False,1,0.8532844832926435,0.40071474547758795
1,3,male,,0,0,7.2292,C,Third,man,True,Cherbourg,yes,True,0,,-0.500658518765974
0,3,male,21.0,0,0,8.05,S,Third,man,True,Southampton,no,True,0,-0.5967162093212155,-0.4841333019887193
0,3,female,18.0,2,0,18.0,S,Third,woman,False,Southampton,no,False,2,-0.8038591654089097,-0.28380934129953256
1,3,female,14.0,1,0,11.2417,C,Third,child,False,Cherbourg,yes,False,1,-1.0800497735258352,-0.41987460999558585
0,3,female,40.0,1,0,9.475,S,Third,woman,False,Southampton,no,False,1,0.7151891792341807,-0.4554436895282076
0,2,female,27.0,1,0,21.0,S,Second,woman,False,Southampton,no,False,1,-0.18243029714582723,-0.22341015717213955
0,3,male,,0,0,7.8958,C,Third,man,True,Cherbourg,no,True,0,,-0.48723782005286725
1,2,female,3.0,1,2,41.5792,C,Second,child,False,Cherbourg,yes,False,3,-1.8395739458473803,0.1909121394926757
1,3,female,19.0,0,0,7.8792,Q,Third,woman,False,Queenstown,yes,True,0,-0.7348115133796783,-0.4875720288717055
0,3,male,,0,0,8.05,S,Third,man,True,Southampton,no,True,0,,-0.4841333019887193
0,3,male,,1,0,15.5,Q,Third,man,True,Queenstown,no,False,1,,-0.33414199473902667
1,3,female,,0,0,7.75,Q,Third,woman,False,Queenstown,yes,True,0,,-0.49017322040145855
0,3,male,,2,0,21.6792,C,Third,man,True,Cherbourg,no,False,2,,-0.20973578188569775
0,3,female,18.0,1,0,17.8,S,Third,woman,False,Southampton,no,False,1,-0.8038591654089097,-0.28783595357469205
0,3,male,7.0,4,1,39.6875,S,Third,child,False,Southampton,no,False,5,-1.563383337730455,0.15282642728807924
0,3,male,21.0,0,0,7.8,S,Third,man,True,Southampton,no,True,0,-0.5967162093212155,-0.48916656733266867
1,1,female,49.0,1,0,76.7292,C,First,woman,False,Cherbourg,yes,False,1,1.336618047497263,0.8985892468519636
1,2,female,29.0,1,0,26.0,S,Second,woman,False,Southampton,yes,False,1,-0.04433499308736447,-0.12274485029315124
0,1,male,65.0,0,1,61.9792,C,First,man,True,Cherbourg,no,False,1,2.441380479964965,0.6016265915589479
1,1,male,,0,0,35.5,S,First,man,True,Southampton,yes,True,0,,0.06851923277692655
1,2,female,21.0,0,0,10.5,S,Second,woman,False,Southampton,yes,True,0,-0.5967162093212155,-0.434807301618015
0,3,male,28.5,0,0,7.2292,C,Third,man,True,Cherbourg,no,True,0,-0.07885881910198016,-0.500658518765974
1,2,female,5.0,1,2,27.75,S,Second,child,False,Southampton,yes,False,3,-1.7014786417889176,-0.08751199288550533
0,3,male,11.0,5,2,46.9,S,Third,child,False,Southampton,no,False,7,-1.2871927296135293,0.29803613246101984
0,3,male,22.0,0,0,7.2292,C,Third,man,True,Cherbourg,no,True,0,-0.5276685572919841,-0.500658518765974
0,1,male,45.0,1,0,83.475,S,First,man,True,Southampton,no,False,1,1.0604274393803377,1.0344028522808193
0,3,male,4.0,3,2,27.9,S,Third,child,False,Southampton,no,False,5,-1.770526293818149,-0.08449203367913571
0,1,male,,0,0,27.7208,C,First,man,True,Cherbourg,no,True,0,,-0.08809987827767862
1,3,male,,1,1,15.2458,C,Third,man,True,Cherbourg,yes,False,2,,-0.33925981894075447
1,2,female,29.0,0,0,10.5,S,Second,woman,False,Southampton,yes,True,0,-0.04433499308736447,-0.434807301618015
0,3,male,19.0,0,0,8.1583,S,Third,man,True,Southampton,no,True,0,-0.7348115133796783,-0.4819528914417204
1,3,female,17.0,4,2,7.925,S,Third,woman,False,Southampton,yes,False,6,-0.872906817438141,-0.48664993466069395
0,3,male,26.0,2,0,8.6625,S,Third,man,True,Southampton,no,False,2,-0.2514779491750586,-0.4718018018960432
0,2,male,32.0,0,0,10.5,S,Second,man,True,Southampton,no,True,0,0.16280796300032965,-0.434807301618015
0,3,female,16.0,5,2,46.9,S,Third,woman,False,Southampton,no,False,7,-0.9419544694673724,0.29803613246101984
0,2,male,21.0,0,0,73.5,S,Second,man,True,Southampton,no,True,0,-0.5967162093212155,0.8335755650572377
0,3,male,26.0,1,0,14.4542,C,Third,man,True,Cherbourg,no,False,1,-0.2514779491750586,-0.3551971503258359
1,3,male,32.0,0,0,56.4958,S,Third,man,True,Southampton,yes,True,0,0.16280796300032965,0.4912289628108992
0,3,male,25.0,0,0,7.65,S,Third,man,True,Southampton,no,True,0,-0.32052560120428997,-0.4921865265390384
0,3,male,,0,0,7.8958,S,Third,man,True,Southampton,no,True,0,,-0.48723782005286725
0,3,male,,0,0,8.05,S,Third,man,True,Southampton,no,True,0,,-0.4841333019887193
1,2,male,0.83,0,2,29.0,S,Second,child,False,Southampton,yes,False,2,-1.9894073507508125,-0.06234566616575826
1,3,female,30.0,0,0,12.475,S,Third,woman,False,Southampton,yes,True,0,0.024712658941866906,-0.3950445054008146
0,3,male,22.0,0,0,9.0,S,Third,man,True,Southampton,no,True,0,-0.5276685572919841,-0.4650068936817115
1,3,male,29.0,0,0,9.5,S,Third,man,True,Southampton,yes,True,0,-0.04433499308736447,-0.4549403629938127
1,3,female,,0,0,7.7875,Q,Third,woman,False,Queenstown,yes,True,0,,-0.4894182305998661
0,1,male,28.0,0,0,47.1,S,First,man,True,Southampton,no,True,0,-0.11338264511659585,0.30206274473617944
1,2,female,17.0,0,0,10.5,S,Second,woman,False,Southampton,yes,True,0,-0.872906817438141,-0.434807301618015
1,3,female,33.0,3,0,15.85,S,Third,woman,False,Southampton,yes,False,3,0.23185561502956104,-0.32709542325749746
0,3,male,16.0,1,3,34.375,S,Third,man,True,Southampton,no,False,4,-0.9419544694673724,0.045869538729154176
0,3,male,,0,0,8.05,S,Third,man,True,Southampton,no,True,0,,-0.4841333019887193
1,1,female,23.0,3,2,263.0,S,First,woman,False,Southampton,yes,False,5,-0.45862090526275273,4.648790695770894
0,3,male,24.0,0,0,8.05,S,Third,man,True,Southampton,no,True,0,-0.3895732532335214,-0.4841333019887193
0,3,male,29.0,0,0,8.05,S,Third,man,True,Southampton,no,True,0,-0.04433499308736447,-0.4841333019887193
0,3,male,20.0,0,0,7.8542,S,Third,man,True,Southampton,no,True,0,-0.6657638613504469,-0.4880753554061005
0,1,male,46.0,1,0,61.175,S,First,man,True,Southampton,no,False,1,1.129475091409569,0.5854355836005315
0,3,male,26.0,1,2,20.575,S,Third,man,True,Southampton,no,False,3,-0.2514779491750586,-0.2319667082568536
0,3,male,59.0,0,0,7.25,S,Third,man,True,Southampton,no,True,0,2.027094567789577,-0.5002397510893574
0,3,male,,0,0,8.05,S,Third,man,True,Southampton,no,True,0,,-0.4841333019887193
0,1,male,71.0,0,0,34.6542,C,First,man,True,Cherbourg,no,True,0,2.855666392140354,0.05149068946527694
1,1,male,23.0,0,1,63.3583,C,First,man,True,Cherbourg,yes,False,1,-0.45862090526275273,0.6293920965023105
1,2,female,34.0,0,1,23.0,S,Second,woman,False,Southampton,yes,False,1,0.30090326705879245,-0.18314403442054422
0,2,male,34.0,1,0,26.0,S,Second,man,True,Southampton,no,False,1,0.30090326705879245,-0.12274485029315124
0,3,female,28.0,0,0,7.8958,S,Third,woman,False,Southampton,no,True,0,-0.11338264511659585,-0.48723782005286725
0,3,male,,0,0,7.8958,S,Third,man,True,Southampton,no,True,0,,-0.48723782005286725
0,1,male,21.0,0,1,77.2875,S,First,man,True,Southampton,no,False,1,-0.5967162093212155,0.9098295350180712
0,3,male,33.0,0,0,8.6542,S,Third,man,True,Southampton,no,True,0,0.23185561502956104,-0.47196890630546234
0,3,male,37.0,2,0,7.925,S,Third,man,True,Southampton,no,False,2,0.5080462231464865,-0.48664993466069395
0,3,male,28.0,0,0,7.8958,S,Third,man,True,Southampton,no,True,0,-0.11338264511659585,-0.48723782005286725
1,3,female,21.0,0,0,7.65,S,Third,woman,False,Southampton,yes,True,0,-0.5967162093212155,-0.4921865265390384
1,3,male,,0,0,7.775,S,Third,man,True,Southampton,yes,True,0,,-0.48966989386706367
0,3,male,38.0,0,0,7.8958,S,Third,man,True,Southampton,no,True,0,0.577093875175718,-0.48723782005286725
1,3,female,,1,0,24.15,Q,Third,woman,False,Queenstown,yes,False,1,,-0.15999101383837694
0,1,male,47.0,0,0,52.0,S,First,man,True,Southampton,no,True,0,1.1985227434388004,0.40071474547758795
0,3,female,14.5,1,0,14.4542,C,Third,child,False,Cherbourg,no,False,1,-1.0455259475112195,-0.3551971503258359
0,3,male,22.0,0,0,8.05,S,Third,man,True,Southampton,no,True,0,-0.5276685572919841,-0.4841333019887193
0,3,female,20.0,1,0,9.825,S,Third,woman,False,Southampton,no,False,1,-0.6657638613504469,-0.4483971180466784
0,3,female,17.0,0,0,14.4583,C,Third,woman,False,Cherbourg,no,True,0,-0.872906817438141,-0.3551146047741951
0,3,male,21.0,0,0,7.925,S,Third,man,True,Southampton,no,True,0,-0.5967162093212155,-0.48664993466069395
0,3,male,70.5,0,0,7.75,Q,Third,man,True,Queenstown,no,True,0,2.821142566125738,-0.49017322040145855
0,2,male,29.0,1,0,21.0,S,Second,man,True,Southampton,no,False,1,-0.04433499308736447,-0.22341015717213955
0,1,male,24.0,0,1,247.5208,C,First,man,True,Cherbourg,no,False,1,-0.3895732532335214,4.337147012122648
0,3,female,2.0,4,2,31.275,S,Third,child,False,Southampton,no,False,6,-1.9086215978766117,-0.016542951535818605
0,2,male,21.0,2,0,73.5,S,Second,man,True,Southampton,no,False,2,-0.5967162093212155,0.8335755650572377
0,3,male,,0,0,8.05,S,Third,man,True,Southampton,no,True,0,,-0.4841333019887193
0,2,male,32.5,1,0,30.0708,C,Second,man,True,Cherbourg,no,False,1,0.19733178901494536,-0.040787184044554156
1,2,female,32.5,0,0,13.0,S,Second,woman,False,Southampton,yes,True,0,0.19733178901494536,-0.38447464817852084
0,1,male,54.0,0,1,77.2875,S,First,man,True,Southampton,no,False,1,1.68185630764342,0.9098295350180712
1,3,male,12.0,1,0,11.2417,C,Third,child,False,Cherbourg,yes,False,1,-1.218145077584298,-0.41987460999558585
0,3,male,,0,0,7.75,Q,Third,man,True,Queenstown,no,True,0,,-0.49017322040145855
1,3,male,24.0,0,0,7.1417,S,Third,man,True,Southampton,yes,True,0,-0.3895732532335214,-0.5024201616363563
1,3,female,,1,1,22.3583,C,Third,woman,False,Cherbourg,yes,False,2,,-0.19606341990539358
0,3,male,45.0,0,0,6.975,S,Third,man,True,Southampton,no,True,0,1.0604274393803377,-0.5057763429677017
0,3,male,33.0,0,0,7.8958,C,Third,man,True,Cherbourg,no,True,0,0.23185561502956104,-0.48723782005286725
0,3,male,20.0,0,0,7.05,S,Third,man,True,Southampton,no,True,0,-0.6657638613504469,-0.5042663633645169
0,3,female,47.0,1,0,14.5,S,Third,woman,False,Southampton,no,False,1,1.1985227434388004,-0.35427505611482435
1,2,female,29.0,1,0,26.0,S,Second,woman,False,Southampton,yes,False,1,-0.04433499308736447,-0.12274485029315124
0,2,male,25.0,0,0,13.0,S,Second,man,True,Southampton,no,True,0,-0.32052560120428997,-0.38447464817852084
0,2,male,23.0,0,0,15.0458,C,Second,man,True,Cherbourg,no,True,0,-0.45862090526275273,-0.343286431215914
1,1,female,19.0,0,2,26.2833,S,First,woman,False,Southampton,yes,False,2,-0.7348115133796783,-0.11704115400538775
0,1,male,37.0,1,0,53.1,S,First,man,True,Southampton,no,False,1,0.5080462231464865,0.4228611129909654
0,3,male,16.0,0,0,9.2167,S,Third,man,True,Southampton,no,True,0,-0.9419544694673724,-0.46064405928157615
0,1,male,24.0,0,0,79.2,C,First,man,True,Cherbourg,no,True,0,-0.3895732532335214,0.9483340148992845
0,3,female,,0,2,15.2458,C,Third,woman,False,Cherbourg,no,False,2,,-0.33925981894075447
1,3,female,22.0,0,0,7.75,S,Third,woman,False,Southampton,yes,True,0,-0.5276685572919841,-0.49017322040145855
1,3,female,24.0,1,0,15.85,S,Third,woman,False,Southampton,yes,False,1,-0.3895732532335214,-0.32709542325749746
0,3,male,19.0,0,0,6.75,Q,Third,man,True,Queenstown,no,True,0,-0.7348115133796783,-0.5103062817772562
0,2,male,18.0,0,0,11.5,S,Second,man,True,Southampton,no,True,0,-0.8038591654089097,-0.41467424024221733
0,2,male,19.0,1,1,36.75,S,Second,man,True,Southampton,no,False,2,-0.7348115133796783,0.09368555949667362
1,3,male,27.0,0,0,7.7958,S,Third,man,True,Southampton,yes,True,0,-0.18243029714582723,-0.489251126190447
0,3,female,9.0,2,2,34.375,S,Third,child,False,Southampton,no,False,4,-1.425288033671992,0.045869538729154176
0,2,male,36.5,0,2,26.0,S,Second,man,True,Southampton,no,False,2,0.4735223971318709,-0.12274485029315124
0,2,male,42.0,0,0,13.0,S,Second,man,True,Southampton,no,True,0,0.8532844832926435,-0.38447464817852084
0,2,male,51.0,0,0,12.525,S,Second,man,True,Southampton,no,True,0,1.4747133515557258,-0.39403785233202476
1,1,female,22.0,1,0,66.6,S,First,woman,False,Southampton,yes,False,1,-0.5276685572919841,0.6946574415642337
0,3,male,55.5,0,0,8.05,S,Third,man,True,Southampton,no,True,0,1.7854277856872671,-0.4841333019887193
0,3,male,40.5,0,2,14.5,S,Third,man,True,Southampton,no,False,2,0.7497130052487964,-0.35427505611482435
0,3,male,,0,0,7.3125,S,Third,man,True,Southampton,no,True,0,,-0.49898143475337003
0,1,male,51.0,0,1,61.3792,C,First,man,True,Cherbourg,no,False,1,1.4747133515557258,0.5895467547334693
1,3,female,16.0,0,0,7.7333,Q,Third,woman,False,Queenstown,yes,True,0,-0.9419544694673724,-0.4905094425264344
0,3,male,30.0,0,0,8.05,S,Third,man,True,Southampton,no,True,0,0.024712658941866906,-0.4841333019887193
0,3,male,,0,0,8.6625,S,Third,man,True,Southampton,no,True,0,,-0.4718018018960432
0,3,male,,8,2,69.55,S,Third,man,True,Southampton,no,False,10,,0.7540499726228369
0,3,male,44.0,0,1,16.1,S,Third,man,True,Southampton,no,False,1,0.9913797873511062,-0.3220621579135481
1,2,female,40.0,0,0,15.75,S,Second,woman,False,Southampton,yes,True,0,0.7151891792341807,-0.3291087293950773
0,3,male,26.0,0,0,7.775,S,Third,man,True,Southampton,no,True,0,-0.2514779491750586,-0.48966989386706367
0,3,male,17.0,0,0,8.6625,S,Third,man,True,Southampton,no,True,0,-0.872906817438141,-0.4718018018960432
0,3,male,1.0,4,1,39.6875,S,Third,child,False,Southampton,no,False,5,-1.977669249905843,0.15282642728807924
1,3,male,9.0,0,2,20.525,S,Third,child,False,Southampton,yes,False,2,-1.425288033671992,-0.23297336132564347
1,1,female,,0,1,55.0,S,First,woman,False,Southampton,yes,False,1,,0.46111392960498093
0,3,female,45.0,1,4,27.9,S,Third,woman,False,Southampton,no,False,5,1.0604274393803377,-0.08449203367913571
0,1,male,,0,0,25.925,S,First,man,True,Southampton,no,True,0,,-0.12425482989633606
0,3,male,28.0,0,0,56.4958,S,Third,man,True,Southampton,no,True,0,-0.11338264511659585,0.4912289628108992
0,1,male,61.0,0,0,33.5,S,First,man,True,Southampton,no,True,0,2.16518987184804,0.02825311002533122
0,3,male,4.0,4,1,29.125,Q,Third,child,False,Queenstown,no,False,5,-1.770526293818149,-0.05982903349378355
1,3,female,1.0,1,1,11.1333,S,Third,child,False,Southampton,yes,False,2,-1.977669249905843,-0.4220570338487224
0,3,male,21.0,0,0,7.925,S,Third,man,True,Southampton,no,True,0,-0.5967162093212155,-0.48664993466069395
0,1,male,56.0,0,0,30.6958,C,First,man,True,Cherbourg,no,True,0,1.8199516117018828,-0.028204020684680614
0,3,male,18.0,1,1,7.8542,S,Third,man,True,Southampton,no,False,2,-0.8038591654089097,-0.4880753554061005
0,3,male,,3,1,25.4667,S,Third,man,True,Southampton,no,False,4,,-0.13348181192486414
0,1,female,50.0,0,0,28.7125,C,First,woman,False,Cherbourg,no,True,0,1.4056656995264944,-0.06813392131130011
0,2,male,30.0,0,0,13.0,S,Second,man,True,Southampton,no,True,0,0.024712658941866906,-0.38447464817852084
0,3,male,36.0,0,0,0.0,S,Third,man,True,Southampton,no,True,0,0.43899857111725515,-0.6462044460638905
0,3,female,,8,2,69.55,S,Third,woman,False,Southampton,no,False,10,,0.7540499726228369
0,2,male,,0,0,15.05,C,Second,man,True,Cherbourg,no,True,0,,-0.34320187235813565
0,3,male,9.0,4,2,31.3875,S,Third,child,False,Southampton,no,False,6,-1.425288033671992,-0.014277982131041355
1,2,male,1.0,2,1,39.0,S,Second,child,False,Southampton,yes,False,3,-1.977669249905843,0.13898494759221836
1,3,female,4.0,0,2,22.025,S,Third,child,False,Southampton,yes,False,2,-1.770526293818149,-0.20277376926194698
0,1,male,,0,0,50.0,S,First,man,True,Southampton,no,True,0,,0.36044862272599265
1,3,female,,1,0,15.5,Q,Third,woman,False,Queenstown,yes,False,1,,-0.33414199473902667
1,1,male,45.0,0,0,26.55,S,First,man,True,Southampton,yes,True,0,1.0604274393803377,-0.11167166653646252
0,3,male,40.0,1,1,15.5,Q,Third,man,True,Queenstown,no,False,2,0.7151891792341807,-0.33414199473902667
0,3,male,36.0,0,0,7.8958,S,Third,man,True,Southampton,no,True,0,0.43899857111725515,-0.48723782005286725
1,2,female,32.0,0,0,13.0,S,Second,woman,False,Southampton,yes,True,0,0.16280796300032965,-0.38447464817852084
0,2,male,19.0,0,0,13.0,S,Second,man,True,Southampton,no,True,0,-0.7348115133796783,-0.38447464817852084
1,3,female,19.0,1,0,7.8542,S,Third,woman,False,Southampton,yes,False,1,-0.7348115133796783,-0.4880753554061005
1,2,male,3.0,1,1,26.0,S,Second,child,False,Southampton,yes,False,2,-1.8395739458473803,-0.12274485029315124
1,1,female,44.0,0,0,27.7208,C,First,woman,False,Cherbourg,yes,True,0,0.9913797873511062,-0.08809987827767862
1,1,female,58.0,0,0,146.5208,C,First,woman,False,Cherbourg,yes,True,0,1.9580469157603455,2.3037078131670836
0,3,male,,0,0,7.75,Q,Third,man,True,Queenstown,no,True,0,,-0.49017322040145855
0,3,male,42.0,0,1,8.4042,S,Third,man,True,Southampton,no,False,1,0.8532844832926435,-0.4770021716494118
1,3,female,,0,0,7.75,Q,Third,woman,False,Queenstown,yes,True,0,,-0.49017322040145855
0,2,female,24.0,0,0,13.0,S,Second,woman,False,Southampton,no,True,0,-0.3895732532335214,-0.38447464817852084
0,3,male,28.0,0,0,9.5,S,Third,man,True,Southampton,no,True,0,-0.11338264511659585,-0.4549403629938127
0,3,male,,8,2,69.55,S,Third,man,True,Southampton,no,False,10,,0.7540499726228369
0,3,male,34.0,0,0,6.4958,S,Third,man,True,Southampton,no,True,0,0.30090326705879245,-0.515424105978984
0,3,male,45.5,0,0,7.225,C,Third,man,True,Cherbourg,no,True,0,1.0949512653949534,-0.5007430776237524
1,3,male,18.0,0,0,8.05,S,Third,man,True,Southampton,yes,True,0,-0.8038591654089097,-0.4841333019887193
0,3,female,2.0,0,1,10.4625,S,Third,child,False,Southampton,no,False,1,-1.9086215978766117,-0.43556229141960745
0,3,male,32.0,1,0,15.85,S,Third,man,True,Southampton,no,False,1,0.16280796300032965,-0.32709542325749746
1,3,male,26.0,0,0,18.7875,C,Third,man,True,Cherbourg,yes,True,0,-0.2514779491750586,-0.26795455546609187
1,3,female,16.0,0,0,7.75,Q,Third,woman,False,Queenstown,yes,True,0,-0.9419544694673724,-0.49017322040145855
1,1,male,40.0,0,0,31.0,C,First,man,True,Cherbourg,yes,True,0,0.7151891792341807,-0.022079543414162937
0,3,male,24.0,0,0,7.05,S,Third,man,True,Southampton,no,True,0,-0.3895732532335214,-0.5042663633645169
1,2,female,35.0,0,0,21.0,S,Second,woman,False,Southampton,yes,True,0,0.3699509190880238,-0.22341015717213955
0,3,male,22.0,0,0,7.25,S,Third,man,True,Southampton,no,True,0,-0.5276685572919841,-0.5002397510893574
0,2,male,30.0,0,0,13.0,S,Second,man,True,Southampton,no,True,0,0.024712658941866906,-0.38447464817852084
0,3,male,,1,0,7.75,Q,Third,man,True,Queenstown,no,False,1,,-0.49017322040145855
1,1,female,31.0,1,0,113.275,C,First,woman,False,Cherbourg,yes,False,1,0.09376031097109828,1.6343680812795898
1,3,female,27.0,0,0,7.925,S,Third,woman,False,Southampton,yes,True,0,-0.18243029714582723,-0.48664993466069395
0,2,male,42.0,1,0,27.0,S,Second,man,True,Southampton,no,False,1,0.8532844832926435,-0.10261178891735358
1,1,female,32.0,0,0,76.2917,C,First,woman,False,Cherbourg,yes,True,0,0.16280796300032965,0.8897810325000521
0,2,male,30.0,0,0,10.5,S,Second,man,True,Southampton,no,True,0,0.024712658941866906,-0.434807301618015
1,3,male,16.0,0,0,8.05,S,Third,man,True,Southampton,yes,True,0,-0.9419544694673724,-0.4841333019887193
0,2,male,27.0,0,0,13.0,S,Second,man,True,Southampton,no,True,0,-0.18243029714582723,-0.38447464817852084
0,3,male,51.0,0,0,8.05,S,Third,man,True,Southampton,no,True,0,1.4747133515557258,-0.4841333019887193
0,3,male,,0,0,7.8958,S,Third,man,True,Southampton,no,True,0,,-0.48723782005286725
1,1,male,38.0,1,0,90.0,S,First,man,True,Southampton,yes,False,1,0.577093875175718,1.1657710777578991
0,3,male,22.0,0,0,9.35,S,Third,man,True,Southampton,no,True,0,-0.5276685572919841,-0.4579603222001823
1,2,male,19.0,0,0,10.5,S,Second,man,True,Southampton,yes,True,0,-0.7348115133796783,-0.434807301618015
0,3,male,20.5,0,0,7.25,S,Third,man,True,Southampton,no,True,0,-0.6312400353358312,-0.5002397510893574
0,2,male,18.0,0,0,13.0,S,Second,man,True,Southampton,no,True,0,-0.8038591654089097,-0.38447464817852084
0,3,female,,3,1,25.4667,S,Third,woman,False,Southampton,no,False,4,,-0.13348181192486414
1,1,female,35.0,1,0,83.475,S,First,woman,False,Southampton,yes,False,1,0.3699509190880238,1.0344028522808193
0,3,male,29.0,0,0,7.775,S,Third,man,True,Southampton,no,True,0,-0.04433499308736447,-0.48966989386706367
0,2,male,59.0,0,0,13.5,S,Second,man,True,Southampton,no,True,0,2.027094567789577,-0.374408117490622
1,3,female,5.0,4,2,31.3875,S,Third,child,False,Southampton,yes,False,6,-1.7014786417889176,-0.014277982131041355
0,2,male,24.0,0,0,10.5,S,Second,man,True,Southampton,no,True,0,-0.3895732532335214,-0.434807301618015
0,3,female,,0,0,7.55,S,Third,woman,False,Southampton,no,True,0,,-0.4941998326766181
0,2,male,44.0,1,0,26.0,S,Second,man,True,Southampton,no,False,1,0.9913797873511062,-0.12274485029315124
1,2,female,8.0,0,2,26.25,S,Second,child,False,Southampton,yes,False,2,-1.4943356857012233,-0.11771158494920184
0,2,male,19.0,0,0,10.5,S,Second,man,True,Southampton,no,True,0,-0.7348115133796783,-0.434807301618015
0,2,male,33.0,0,0,12.275,S,Second,man,True,Southampton,no,True,0,0.23185561502956104,-0.3990711176759742
0,3,female,,1,0,14.4542,C,Third,woman,False,Cherbourg,no,False,1,,-0.3551971503258359
1,3,female,,1,0,15.5,Q,Third,woman,False,Queenstown,yes,False,1,,-0.33414199473902667
0,2,male,29.0,0,0,10.5,S,Second,man,True,Southampton,no,True,0,-0.04433499308736447,-0.434807301618015
0,3,male,22.0,0,0,7.125,S,Third,man,True,Southampton,no,True,0,-0.5276685572919841,-0.5027563837613321
0,3,male,30.0,0,0,7.225,C,Third,man,True,Cherbourg,no,True,0,0.024712658941866906,-0.5007430776237524
0,1,male,44.0,2,0,90.0,Q,First,man,True,Queenstown,no,False,2,0.9913797873511062,1.1657710777578991
0,3,female,25.0,0,0,7.775,S,Third,woman,False,Southampton,no,True,0,-0.32052560120428997,-0.48966989386706367
1,2,female,24.0,0,2,14.5,S,Second,woman,False,Southampton,yes,False,2,-0.3895732532335214,-0.35427505611482435
1,1,male,37.0,1,1,52.5542,S,First,man,True,Southampton,yes,False,2,0.5080462231464865,0.41187248809205507
0,2,male,54.0,1,0,26.0,S,Second,man,True,Southampton,no,False,1,1.68185630764342,-0.12274485029315124
0,3,male,,0,0,7.25,S,Third,man,True,Southampton,no,True,0,,-0.5002397510893574
0,3,female,29.0,1,1,10.4625,S,Third,woman,False,Southampton,no,False,2,-0.04433499308736447,-0.43556229141960745
0,1,male,62.0,0,0,26.55,S,First,man,True,Southampton,no,True,0,2.234237523877271,-0.11167166653646252
0,3,male,30.0,1,0,16.1,S,Third,man,True,Southampton,no,False,1,0.024712658941866906,-0.3220621579135481
0,3,female,41.0,0,2,20.2125,S,Third,woman,False,Southampton,no,False,2,0.784236831263412,-0.23926494300558024
1,3,female,29.0,0,2,15.2458,C,Third,woman,False,Cherbourg,yes,False,2,-0.04433499308736447,-0.33925981894075447
1,1,female,,0,0,79.2,C,First,woman,False,Cherbourg,yes,True,0,,0.9483340148992845
1,1,female,30.0,0,0,86.5,S,First,woman,False,Southampton,yes,True,0,0.024712658941866906,1.0953053629426073
1,1,female,35.0,0,0,512.3292,C,First,woman,False,Cherbourg,yes,True,0,0.3699509190880238,9.668550782149426
1,2,female,50.0,0,1,26.0,S,Second,woman,False,Southampton,yes,False,1,1.4056656995264944,-0.12274485029315124
0,3,male,,0,0,7.75,Q,Third,man,True,Queenstown,no,True,0,,-0.49017322040145855
1,3,male,3.0,4,2,31.3875,S,Third,child,False,Southampton,yes,False,6,-1.8395739458473803,-0.014277982131041355
0,1,male,52.0,1,1,79.65,S,First,man,True,Southampton,no,False,2,1.5437610035849572,0.9573938925183935
0,1,male,40.0,0,0,0.0,S,First,man,True,Southampton,no,True,0,0.7151891792341807,-0.6462044460638905
0,3,female,,0,0,7.75,Q,Third,woman,False,Queenstown,no,True,0,,-0.49017322040145855
0,2,male,36.0,0,0,10.5,S,Second,man,True,Southampton,no,True,0,0.43899857111725515,-0.434807301618015
0,3,male,16.0,4,1,39.6875,S,Third,man,True,Southampton,no,False,5,-0.9419544694673724,0.15282642728807924
1,3,male,25.0,1,0,7.775,S,Third,man,True,Southampton,yes,False,1,-0.32052560120428997,-0.48966989386706367
1,1,female,58.0,0,1,153.4625,S,First,woman,False,Southampton,yes,False,1,1.9580469157603455,2.443465485319458
1,1,female,35.0,0,0,135.6333,S,First,woman,False,Southampton,yes,True,0,0.3699509190880238,2.084509107438086
0,1,male,,0,0,31.0,S,First,man,True,Southampton,no,True,0,,-0.022079543414162937
1,3,male,25.0,0,0,0.0,S,Third,man,True,Southampton,yes,True,0,-0.32052560120428997,-0.6462044460638905
1,2,female,41.0,0,1,19.5,S,Second,woman,False,Southampton,yes,False,1,0.784236831263412,-0.25360974923583607
0,1,male,37.0,0,1,29.7,C,First,man,True,Cherbourg,no,False,1,0.5080462231464865,-0.04825252320269991
1,3,female,,0,0,7.75,Q,Third,woman,False,Queenstown,yes,True,0,,-0.49017322040145855
1,1,female,63.0,1,0,77.9583,S,First,woman,False,Southampton,yes,False,1,2.3032851759065025,0.9233347925889563
0,3,female,45.0,0,0,7.75,S,Third,woman,False,Southampton,no,True,0,1.0604274393803377,-0.49017322040145855
0,2,male,,0,0,0.0,S,Second,man,True,Southampton,no,True,0,,-0.6462044460638905
0,3,male,7.0,4,1,29.125,Q,Third,child,False,Queenstown,no,False,5,-1.563383337730455,-0.05982903349378355
1,3,female,35.0,1,1,20.25,S,Third,woman,False,Southampton,yes,False,2,0.3699509190880238,-0.2385099532039878
0,3,male,65.0,0,0,7.75,Q,Third,man,True,Queenstown,no,True,0,2.441380479964965,-0.49017322040145855
0,3,male,28.0,0,0,7.8542,S,Third,man,True,Southampton,no,True,0,-0.11338264511659585,-0.4880753554061005
0,3,male,16.0,0,0,9.5,S,Third,man,True,Southampton,no,True,0,-0.9419544694673724,-0.4549403629938127
1,3,male,19.0,0,0,8.05,S,Third,man,True,Southampton,yes,True,0,-0.7348115133796783,-0.4841333019887193
0,1,male,,0,0,26.0,S,First,man,True,Southampton,no,True,0,,-0.12274485029315124
0,3,male,33.0,0,0,8.6625,C,Third,man,True,Cherbourg,no,True,0,0.23185561502956104,-0.4718018018960432
1,3,male,30.0,0,0,9.5,S,Third,man,True,Southampton,yes,True,0,0.024712658941866906,-0.4549403629938127
0,3,male,22.0,0,0,7.8958,S,Third,man,True,Southampton,no,True,0,-0.5276685572919841,-0.48723782005286725
1,2,male,42.0,0,0,13.0,S,Second,man,True,Southampton,yes,True,0,0.8532844832926435,-0.38447464817852084
1,3,female,22.0,0,0,7.75,Q,Third,woman,False,Queenstown,yes,True,0,-0.5276685572919841,-0.49017322040145855
1,1,female,26.0,0,0,78.85,S,First,woman,False,Southampton,yes,True,0,-0.2514779491750586,0.941287443417755
1,1,female,19.0,1,0,91.0792,C,First,woman,False,Cherbourg,yes,False,1,-0.7348115133796783,1.1874986775946599
0,2,male,36.0,0,0,12.875,C,Second,man,True,Cherbourg,no,True,0,0.43899857111725515,-0.38699128085049556
0,3,female,24.0,0,0,8.85,S,Third,woman,False,Southampton,no,True,0,-0.3895732532335214,-0.4680268528880811
0,3,male,24.0,0,0,7.8958,S,Third,man,True,Southampton,no,True,0,-0.3895732532335214,-0.48723782005286725
0,1,male,,0,0,27.7208,C,First,man,True,Cherbourg,no,True,0,,-0.08809987827767862
0,3,male,23.5,0,0,7.2292,C,Third,man,True,Cherbourg,no,True,0,-0.42409707924813705,-0.500658518765974
0,1,female,2.0,1,2,151.55,S,First,child,False,Southampton,no,False,3,-1.9086215978766117,2.404961005438245
1,1,male,,0,0,30.5,S,First,man,True,Southampton,yes,True,0,,-0.032146074102061765
1,1,female,50.0,0,1,247.5208,C,First,woman,False,Cherbourg,yes,False,1,1.4056656995264944,4.337147012122648
1,3,female,,0,0,7.75,Q,Third,woman,False,Queenstown,yes,True,0,,-0.49017322040145855
1,3,male,,2,0,23.25,Q,Third,man,True,Queenstown,yes,False,2,,-0.17811076907659482
0,3,male,19.0,0,0,0.0,S,Third,man,True,Southampton,no,True,0,-0.7348115133796783,-0.6462044460638905
1,2,female,,0,0,12.35,Q,Second,woman,False,Queenstown,yes,True,0,,-0.3975611380727893
0,3,male,,0,0,8.05,S,Third,man,True,Southampton,no,True,0,,-0.4841333019887193
1,1,male,0.92,1,2,151.55,S,First,child,False,Southampton,yes,False,3,-1.9831930620681815,2.404961005438245
1,1,female,,0,0,110.8833,C,First,woman,False,Cherbourg,yes,True,0,,1.5862158383870948
1,1,female,17.0,1,0,108.9,C,First,woman,False,Cherbourg,yes,False,1,-0.872906817438141,1.546285937760475
0,2,male,30.0,1,0,24.0,C,Second,man,True,Cherbourg,no,False,1,0.024712658941866906,-0.16301097304474657
1,1,female,30.0,0,0,56.9292,C,First,woman,False,Cherbourg,yes,True,0,0.024712658941866906,0.4999546316111698
1,1,female,24.0,0,0,83.1583,C,First,woman,False,Cherbourg,yes,True,0,-0.3895732532335214,1.0280267117431041
1,1,female,18.0,2,2,262.375,C,First,woman,False,Cherbourg,yes,False,4,-0.8038591654089097,4.636207532411021
0,2,female,26.0,1,1,26.0,S,Second,woman,False,Southampton,no,False,2,-0.2514779491750586,-0.12274485029315124
0,3,male,28.0,0,0,7.8958,S,Third,man,True,Southampton,no,True,0,-0.11338264511659585,-0.48723782005286725
0,2,male,43.0,1,1,26.25,S,Second,man,True,Southampton,no,False,2,0.9223321353218749,-0.11771158494920184
1,3,female,26.0,0,0,7.8542,S,Third,woman,False,Southampton,yes,True,0,-0.2514779491750586,-0.4880753554061005
1,2,female,24.0,1,0,26.0,S,Second,woman,False,Southampton,yes,False,1,-0.3895732532335214,-0.12274485029315124
0,2,male,54.0,0,0,14.0,S,Second,man,True,Southampton,no,True,0,1.68185630764342,-0.36434158680272316
1,1,female,31.0,0,2,164.8667,S,First,woman,False,Southampton,yes,False,2,0.09376031097109828,2.67306694386133
1,1,female,40.0,1,1,134.5,C,First,woman,False,Cherbourg,yes,False,2,0.7151891792341807,2.061692308980895
0,3,male,22.0,0,0,7.25,S,Third,man,True,Southampton,no,True,0,-0.5276685572919841,-0.5002397510893574
0,3,male,27.0,0,0,7.8958,S,Third,man,True,Southampton,no,True,0,-0.18243029714582723,-0.48723782005286725
1,2,female,30.0,0,0,12.35,Q,Second,woman,False,Queenstown,yes,True,0,0.024712658941866906,-0.3975611380727893
1,2,female,22.0,1,1,29.0,S,Second,woman,False,Southampton,yes,False,2,-0.5276685572919841,-0.06234566616575826
0,3,male,,8,2,69.55,S,Third,man,True,Southampton,no,False,10,,0.7540499726228369
1,1,female,36.0,0,0,135.6333,C,First,woman,False,Cherbourg,yes,True,0,0.43899857111725515,2.084509107438086
0,3,male,61.0,0,0,6.2375,S,Third,man,True,Southampton,no,True,0,2.16518987184804,-0.5206244757323525
1,2,female,36.0,0,0,13.0,S,Second,woman,False,Southampton,yes,True,0,0.43899857111725515,-0.38447464817852084
1,3,female,31.0,1,1,20.525,S,Third,woman,False,Southampton,yes,False,2,0.09376031097109828,-0.23297336132564347
1,1,female,16.0,0,1,57.9792,C,First,woman,False,Cherbourg,yes,False,1,-0.9419544694673724,0.5210943460557573
1,3,female,,2,0,23.25,Q,Third,woman,False,Queenstown,yes,False,2,,-0.17811076907659482
0,1,male,45.5,0,0,28.5,S,First,man,True,Southampton,no,True,0,1.0949512653949534,-0.07241219685365709
0,1,male,38.0,0,1,153.4625,S,First,man,True,Southampton,no,False,1,0.577093875175718,2.443465485319458
0,3,male,16.0,2,0,18.0,S,Third,man,True,Southampton,no,False,2,-0.9419544694673724,-0.28380934129953256
1,1,female,,1,0,133.65,S,First,woman,False,Southampton,yes,False,1,,2.044579206811467
0,3,male,,0,0,7.8958,S,Third,man,True,Southampton,no,True,0,,-0.48723782005286725
0,1,male,29.0,1,0,66.6,S,First,man,True,Southampton,no,False,1,-0.04433499308736447,0.6946574415642337
1,1,female,41.0,0,0,134.5,C,First,woman,False,Cherbourg,yes,True,0,0.784236831263412,2.061692308980895
1,3,male,45.0,0,0,8.05,S,Third,man,True,Southampton,yes,True,0,1.0604274393803377,-0.4841333019887193
0,1,male,45.0,0,0,35.5,S,First,man,True,Southampton,no,True,0,1.0604274393803377,0.06851923277692655
1,2,male,2.0,1,1,26.0,S,Second,child,False,Southampton,yes,False,2,-1.9086215978766117,-0.12274485029315124
1,1,female,24.0,3,2,263.0,S,First,woman,False,Southampton,yes,False,5,-0.3895732532335214,4.648790695770894
0,2,male,28.0,0,0,13.0,S,Second,man,True,Southampton,no,True,0,-0.11338264511659585,-0.38447464817852084
0,2,male,25.0,0,0,13.0,S,Second,man,True,Southampton,no,True,0,-0.32052560120428997,-0.38447464817852084
0,2,male,36.0,0,0,13.0,S,Second,man,True,Southampton,no,True,0,0.43899857111725515,-0.38447464817852084
1,2,female,24.0,0,0,13.0,S,Second,woman,False,Southampton,yes,True,0,-0.3895732532335214,-0.38447464817852084
1,2,female,40.0,0,0,13.0,S,Second,woman,False,Southampton,yes,True,0,0.7151891792341807,-0.38447464817852084
1,3,female,,1,0,16.1,S,Third,woman,False,Southampton,yes,False,1,,-0.3220621579135481
1,3,male,3.0,1,1,15.9,S,Third,child,False,Southampton,yes,False,2,-1.8395739458473803,-0.32608877018870763
0,3,male,42.0,0,0,8.6625,S,Third,man,True,Southampton,no,True,0,0.8532844832926435,-0.4718018018960432
0,3,male,23.0,0,0,9.225,S,Third,man,True,Southampton,no,True,0,-0.45862090526275273,-0.460476954872157
0,1,male,,0,0,35.0,S,First,man,True,Southampton,no,True,0,,0.05845270208902771
0,3,male,15.0,1,1,7.2292,C,Third,child,False,Cherbourg,no,False,2,-1.0110021214966038,-0.500658518765974
0,3,male,25.0,1,0,17.8,S,Third,man,True,Southampton,no,False,1,-0.32052560120428997,-0.28783595357469205
0,3,male,,0,0,7.225,C,Third,man,True,Cherbourg,no,True,0,,-0.5007430776237524
0,3,male,28.0,0,0,9.5,S,Third,man,True,Southampton,no,True,0,-0.11338264511659585,-0.4549403629938127
1,1,female,22.0,0,1,55.0,S,First,woman,False,Southampton,yes,False,1,-0.5276685572919841,0.46111392960498093
0,2,female,38.0,0,0,13.0,S,Second,woman,False,Southampton,no,True,0,0.577093875175718,-0.38447464817852084
1,3,female,,0,0,7.8792,Q,Third,woman,False,Queenstown,yes,True,0,,-0.4875720288717055
1,3,female,,0,0,7.8792,Q,Third,woman,False,Queenstown,yes,True,0,,-0.4875720288717055
0,3,male,40.0,1,4,27.9,S,Third,man,True,Southampton,no,False,5,0.7151891792341807,-0.08449203367913571
0,2,male,29.0,1,0,27.7208,C,Second,man,True,Cherbourg,no,False,1,-0.04433499308736447,-0.08809987827767862
0,3,female,45.0,0,1,14.4542,C,Third,woman,False,Cherbourg,no,False,1,1.0604274393803377,-0.3551971503258359
0,3,male,35.0,0,0,7.05,S,Third,man,True,Southampton,no,True,0,0.3699509190880238,-0.5042663633645169
0,3,male,,1,0,15.5,Q,Third,man,True,Queenstown,no,False,1,,-0.33414199473902667
0,3,male,30.0,0,0,7.25,S,Third,man,True,Southampton,no,True,0,0.024712658941866906,-0.5002397510893574
1,1,female,60.0,1,0,75.25,C,First,woman,False,Cherbourg,yes,False,1,2.0961422198188084,0.8688084224648837
1,3,female,,0,0,7.2292,C,Third,woman,False,Cherbourg,yes,True,0,,-0.500658518765974
1,3,female,,0,0,7.75,Q,Third,woman,False,Queenstown,yes,True,0,,-0.49017322040145855
1,1,female,24.0,0,0,69.3,C,First,woman,False,Cherbourg,yes,True,0,-0.3895732532335214,0.7490167072788875
1,1,male,25.0,1,0,55.4417,C,First,man,True,Cherbourg,yes,False,1,-0.32052560120428997,0.4700067028146707
0,3,male,18.0,1,0,6.4958,S,Third,man,True,Southampton,no,False,1,-0.8038591654089097,-0.515424105978984
0,3,male,19.0,0,0,8.05,S,Third,man,True,Southampton,no,True,0,-0.7348115133796783,-0.4841333019887193
0,1,male,22.0,0,0,135.6333,C,First,man,True,Cherbourg,no,True,0,-0.5276685572919841,2.084509107438086
0,3,female,3.0,3,1,21.075,S,Third,child,False,Southampton,no,False,4,-1.8395739458473803,-0.22190017756895475
1,1,female,,1,0,82.1708,C,First,woman,False,Cherbourg,yes,False,1,,1.008145313634504
1,3,female,22.0,0,0,7.25,S,Third,woman,False,Southampton,yes,True,0,-0.5276685572919841,-0.5002397510893574
0,1,male,27.0,0,2,211.5,C,First,man,True,Cherbourg,no,False,2,-0.18243029714582723,3.6119380349173147
0,3,male,20.0,0,0,4.0125,C,Third,man,True,Cherbourg,no,True,0,-0.6657638613504469,-0.5654205372935024
0,3,male,19.0,0,0,7.775,S,Third,man,True,Southampton,no,True,0,-0.7348115133796783,-0.48966989386706367
1,1,female,42.0,0,0,227.525,C,First,woman,False,Cherbourg,yes,True,0,0.8532844832926435,3.9345703434644728
1,3,female,1.0,0,2,15.7417,C,Third,child,False,Cherbourg,yes,False,2,-1.977669249905843,-0.3292758338044964
0,3,male,32.0,0,0,7.925,S,Third,man,True,Southampton,no,True,0,0.16280796300032965,-0.48664993466069395
1,1,female,35.0,1,0,52.0,S,First,woman,False,Southampton,yes,False,1,0.3699509190880238,0.40071474547758795
0,3,male,,0,0,7.8958,S,Third,man,True,Southampton,no,True,0,,-0.48723782005286725
0,2,male,18.0,0,0,73.5,S,Second,man,True,Southampton,no,True,0,-0.8038591654089097,0.8335755650572377
0,3,male,1.0,5,2,46.9,S,Third,child,False,Southampton,no,False,7,-1.977669249905843,0.29803613246101984
1,2,female,36.0,0,0,13.0,S,Second,woman,False,Southampton,yes,True,0,0.43899857111725515,-0.38447464817852084
0,3,male,,0,0,7.7292,Q,Third,man,True,Queenstown,no,True,0,,-0.4905919880780752
1,2,female,17.0,0,0,12.0,C,Second,woman,False,Cherbourg,yes,True,0,-0.872906817438141,-0.4046077095543185
1,1,male,36.0,1,2,120.0,S,First,man,True,Southampton,yes,False,3,0.43899857111725515,1.769762919031829
1,3,male,21.0,0,0,7.7958,S,Third,man,True,Southampton,yes,True,0,-0.5967162093212155,-0.489251126190447
0,3,male,28.0,2,0,7.925,S,Third,man,True,Southampton,no,False,2,-0.11338264511659585,-0.48664993466069395
1,1,female,23.0,1,0,113.275,C,First,woman,False,Cherbourg,yes,False,1,-0.45862090526275273,1.6343680812795898
1,3,female,24.0,0,2,16.7,S,Third,woman,False,Southampton,yes,False,2,-0.3895732532335214,-0.3099823210880695
0,3,male,22.0,0,0,7.7958,S,Third,man,True,Southampton,no,True,0,-0.5276685572919841,-0.489251126190447
0,3,female,31.0,0,0,7.8542,S,Third,woman,False,Southampton,no,True,0,0.09376031097109828,-0.4880753554061005
0,2,male,46.0,0,0,26.0,S,Second,man,True,Southampton,no,True,0,1.129475091409569,-0.12274485029315124
0,2,male,23.0,0,0,10.5,S,Second,man,True,Southampton,no,True,0,-0.45862090526275273,-0.434807301618015
1,2,female,28.0,0,0,12.65,S,Second,woman,False,Southampton,yes,True,0,-0.11338264511659585,-0.39152121966005005
1,3,male,39.0,0,0,7.925,S,Third,man,True,Southampton,yes,True,0,0.6461415272049493,-0.48664993466069395
0,3,male,26.0,0,0,8.05,S,Third,man,True,Southampton,no,True,0,-0.2514779491750586,-0.4841333019887193
0,3,female,21.0,1,0,9.825,S,Third,woman,False,Southampton,no,False,1,-0.5967162093212155,-0.4483971180466784
0,3,male,28.0,1,0,15.85,S,Third,man,True,Southampton,no,False,1,-0.11338264511659585,-0.32709542325749746
0,3,female,20.0,0,0,8.6625,S,Third,woman,False,Southampton,no,True,0,-0.6657638613504469,-0.4718018018960432
0,2,male,34.0,1,0,21.0,S,Second,man,True,Southampton,no,False,1,0.30090326705879245,-0.22341015717213955
0,3,male,51.0,0,0,7.75,S,Third,man,True,Southampton,no,True,0,1.4747133515557258,-0.49017322040145855
1,2,male,3.0,1,1,18.75,S,Second,child,False,Southampton,yes,False,2,-1.8395739458473803,-0.2687095452676843
0,3,male,21.0,0,0,7.775,S,Third,man,True,Southampton,no,True,0,-0.5967162093212155,-0.48966989386706367
0,3,female,,3,1,25.4667,S,Third,woman,False,Southampton,no,False,4,,-0.13348181192486414
0,3,male,,0,0,7.8958,S,Third,man,True,Southampton,no,True,0,,-0.48723782005286725
0,3,male,,0,0,6.8583,Q,Third,man,True,Queenstown,no,True,0,,-0.5081258712302573
1,1,female,33.0,1,0,90.0,Q,First,woman,False,Queenstown,yes,False,1,0.23185561502956104,1.1657710777578991
0,2,male,,0,0,0.0,S,Second,man,True,Southampton,no,True,0,,-0.6462044460638905
1,3,male,44.0,0,0,7.925,S,Third,man,True,Southampton,yes,True,0,0.9913797873511062,-0.48664993466069395
0,3,female,,0,0,8.05,S,Third,woman,False,Southampton,no,True,0,,-0.4841333019887193
1,2,female,34.0,1,1,32.5,S,Second,woman,False,Southampton,yes,False,2,0.30090326705879245,0.008120048649533558
1,2,female,18.0,0,2,13.0,S,Second,woman,False,Southampton,yes,False,2,-0.8038591654089097,-0.38447464817852084
0,2,male,30.0,0,0,13.0,S,Second,man,True,Southampton,no,True,0,0.024712658941866906,-0.38447464817852084
0,3,female,10.0,0,2,24.15,S,Third,child,False,Southampton,no,False,2,-1.3562403816427606,-0.15999101383837694
0,3,male,,0,0,7.8958,C,Third,man,True,Cherbourg,no,True,0,,-0.48723782005286725
0,3,male,21.0,0,0,7.7333,Q,Third,man,True,Queenstown,no,True,0,-0.5967162093212155,-0.4905094425264344
0,3,male,29.0,0,0,7.875,S,Third,man,True,Southampton,no,True,0,-0.04433499308736447,-0.4876565877294839
0,3,female,28.0,1,1,14.4,S,Third,woman,False,Southampton,no,False,2,-0.11338264511659585,-0.3562883622524042
0,3,male,18.0,1,1,20.2125,S,Third,man,True,Southampton,no,False,2,-0.8038591654089097,-0.23926494300558024
0,3,male,,0,0,7.25,S,Third,man,True,Southampton,no,True,0,,-0.5002397510893574
1,2,female,28.0,1,0,26.0,S,Second,woman,False,Southampton,yes,False,1,-0.11338264511659585,-0.12274485029315124
1,2,female,19.0,0,0,26.0,S,Second,woman,False,Southampton,yes,True,0,-0.7348115133796783,-0.12274485029315124
0,3,male,,0,0,7.75,Q,Third,man,True,Queenstown,no,True,0,,-0.49017322040145855
1,3,male,32.0,0,0,8.05,S,Third,man,True,Southampton,yes,True,0,0.16280796300032965,-0.4841333019887193
1,1,male,28.0,0,0,26.55,S,First,man,True,Southampton,yes,True,0,-0.11338264511659585,-0.11167166653646252
1,3,female,,1,0,16.1,S,Third,woman,False,Southampton,yes,False,1,,-0.3220621579135481
1,2,female,42.0,1,0,26.0,S,Second,woman,False,Southampton,yes,False,1,0.8532844832926435,-0.12274485029315124
0,3,male,17.0,0,0,7.125,S,Third,man,True,Southampton,no,True,0,-0.872906817438141,-0.5027563837613321
0,1,male,50.0,1,0,55.9,S,First,man,True,Southampton,no,False,1,1.4056656995264944,0.47923368484319884
1,1,female,14.0,1,2,120.0,S,First,child,False,Southampton,yes,False,3,-1.0800497735258352,1.769762919031829
0,3,female,21.0,2,2,34.375,S,Third,woman,False,Southampton,no,False,4,-0.5967162093212155,0.045869538729154176
1,2,female,24.0,2,3,18.75,S,Second,woman,False,Southampton,yes,False,5,-0.3895732532335214,-0.2687095452676843
0,1,male,64.0,1,4,263.0,S,First,man,True,Southampton,no,False,5,2.372332827935734,4.648790695770894
0,2,male,31.0,0,0,10.5,S,Second,man,True,Southampton,no,True,0,0.09376031097109828,-0.434807301618015
1,2,female,45.0,1,1,26.25,S,Second,woman,False,Southampton,yes,False,2,1.0604274393803377,-0.11771158494920184
0,3,male,20.0,0,0,9.5,S,Third,man,True,Southampton,no,True,0,-0.6657638613504469,-0.4549403629938127
0,3,male,25.0,1,0,7.775,S,Third,man,True,Southampton,no,False,1,-0.32052560120428997,-0.48966989386706367
1,2,female,28.0,0,0,13.0,S,Second,woman,False,Southampton,yes,True,0,-0.11338264511659585,-0.38447464817852084
1,3,male,,0,0,8.1125,S,Third,man,True,Southampton,yes,True,0,,-0.4828749856527319
1,1,male,4.0,0,2,81.8583,S,First,child,False,Southampton,yes,False,2,-1.770526293818149,1.0018537319545673
1,2,female,13.0,0,1,19.5,S,Second,child,False,Southampton,yes,False,1,-1.1490974255550666,-0.25360974923583607
1,1,male,34.0,0,0,26.55,S,First,man,True,Southampton,yes,True,0,0.30090326705879245,-0.11167166653646252
1,3,female,5.0,2,1,19.2583,C,Third,child,False,Cherbourg,yes,False,3,-1.7014786417889176,-0.25847591017036636
1,1,male,52.0,0,0,30.5,S,First,man,True,Southampton,yes,True,0,1.5437610035849572,-0.032146074102061765
0,2,male,36.0,1,2,27.75,S,Second,man,True,Southampton,no,False,3,0.43899857111725515,-0.08751199288550533
0,3,male,,1,0,19.9667,S,Third,man,True,Southampton,no,False,1,,-0.24421364949175128
0,1,male,30.0,0,0,27.75,C,First,man,True,Cherbourg,no,True,0,0.024712658941866906,-0.08751199288550533
1,1,male,49.0,1,0,89.1042,C,First,man,True,Cherbourg,yes,False,1,1.336618047497263,1.1477358813774596
0,3,male,,0,0,8.05,S,Third,man,True,Southampton,no,True,0,,-0.4841333019887193
1,3,male,29.0,0,0,7.8958,C,Third,man,True,Cherbourg,yes,True,0,-0.04433499308736447,-0.48723782005286725
0,1,male,65.0,0,0,26.55,S,First,man,True,Southampton,no,True,0,2.441380479964965,-0.11167166653646252
1,1,female,,1,0,51.8625,S,First,woman,False,Southampton,yes,False,1,,0.39794644953841574
1,2,female,50.0,0,0,10.5,S,Second,woman,False,Southampton,yes,True,0,1.4056656995264944,-0.434807301618015
0,3,male,,0,0,7.75,Q,Third,man,True,Queenstown,no,True,0,,-0.49017322040145855
1,1,male,48.0,0,0,26.55,S,First,man,True,Southampton,yes,True,0,1.2675703954680317,-0.11167166653646252
0,3,male,34.0,0,0,8.05,S,Third,man,True,Southampton,no,True,0,0.30090326705879245,-0.4841333019887193
0,1,male,47.0,0,0,38.5,S,First,man,True,Southampton,no,True,0,1.1985227434388004,0.12891841690431952
0,2,male,48.0,0,0,13.0,S,Second,man,True,Southampton,no,True,0,1.2675703954680317,-0.38447464817852084
0,3,male,,0,0,8.05,S,Third,man,True,Southampton,no,True,0,,-0.4841333019887193
0,3,male,38.0,0,0,7.05,S,Third,man,True,Southampton,no,True,0,0.577093875175718,-0.5042663633645169
0,2,male,,0,0,0.0,S,Second,man,True,Southampton,no,True,0,,-0.6462044460638905
0,1,male,56.0,0,0,26.55,S,First,man,True,Southampton,no,True,0,1.8199516117018828,-0.11167166653646252
0,3,male,,0,0,7.725,Q,Third,man,True,Queenstown,no,True,0,,-0.4906765469358535
1,3,female,0.75,2,1,19.2583,C,Third,child,False,Cherbourg,yes,False,3,-1.994931162913151,-0.25847591017036636
0,3,male,,0,0,7.25,S,Third,man,True,Southampton,no,True,0,,-0.5002397510893574
0,3,male,38.0,0,0,8.6625,S,Third,man,True,Southampton,no,True,0,0.577093875175718,-0.4718018018960432
1,2,female,33.0,1,2,27.75,S,Second,woman,False,Southampton,yes,False,3,0.23185561502956104,-0.08751199288550533
1,2,female,23.0,0,0,13.7917,C,Second,woman,False,Cherbourg,yes,True,0,-0.45862090526275273,-0.36853530348730185
0,3,female,22.0,0,0,9.8375,S,Third,woman,False,Southampton,no,True,0,-0.5276685572919841,-0.448145454779481
0,1,male,,0,0,52.0,S,First,man,True,Southampton,no,True,0,,0.40071474547758795
0,2,male,34.0,1,0,21.0,S,Second,man,True,Southampton,no,False,1,0.30090326705879245,-0.22341015717213955
0,3,male,29.0,1,0,7.0458,S,Third,man,True,Southampton,no,False,1,-0.04433499308736447,-0.5043509222222953
0,3,male,22.0,0,0,7.5208,S,Third,man,True,Southampton,no,True,0,-0.5276685572919841,-0.49478771806879135
1,3,female,2.0,0,1,12.2875,S,Third,child,False,Southampton,yes,False,1,-1.9086215978766117,-0.39881945440877664
0,3,male,9.0,5,2,46.9,S,Third,child,False,Southampton,no,False,7,-1.425288033671992,0.29803613246101984
0,2,male,,0,0,0.0,S,Second,man,True,Southampton,no,True,0,,-0.6462044460638905
0,3,male,50.0,0,0,8.05,S,Third,man,True,Southampton,no,True,0,1.4056656995264944,-0.4841333019887193
1,3,female,63.0,0,0,9.5875,S,Third,woman,False,Southampton,yes,True,0,2.3032851759065025,-0.4531787201234304
1,1,male,25.0,1,0,91.0792,C,First,man,True,Cherbourg,yes,False,1,-0.32052560120428997,1.1874986775946599
0,3,female,,3,1,25.4667,S,Third,woman,False,Southampton,no,False,4,,-0.13348181192486414
1,1,female,35.0,1,0,90.0,S,First,woman,False,Southampton,yes,False,1,0.3699509190880238,1.1657710777578991
0,1,male,58.0,0,0,29.7,C,First,man,True,Cherbourg,no,True,0,1.9580469157603455,-0.04825252320269991
0,3,male,30.0,0,0,8.05,S,Third,man,True,Southampton,no,True,0,0.024712658941866906,-0.4841333019887193
1,3,male,9.0,1,1,15.9,S,Third,child,False,Southampton,yes,False,2,-1.425288033671992,-0.32608877018870763
0,3,male,,1,0,19.9667,S,Third,man,True,Southampton,no,False,1,,-0.24421364949175128
0,3,male,21.0,0,0,7.25,S,Third,man,True,Southampton,no,True,0,-0.5967162093212155,-0.5002397510893574
0,1,male,55.0,0,0,30.5,S,First,man,True,Southampton,no,True,0,1.7509039596726514,-0.032146074102061765
0,1,male,71.0,0,0,49.5042,C,First,man,True,Cherbourg,no,True,0,2.855666392140354,0.3504666508958721
0,3,male,21.0,0,0,8.05,S,Third,man,True,Southampton,no,True,0,-0.5967162093212155,-0.4841333019887193
0,3,male,,0,0,14.4583,C,Third,man,True,Cherbourg,no,True,0,,-0.3551146047741951
1,1,female,54.0,1,0,78.2667,C,First,woman,False,Cherbourg,yes,False,1,1.68185630764342,0.9295438287172524
0,3,male,,0,0,15.1,S,Third,man,True,Southampton,no,True,0,,-0.3421952192893457
0,1,female,25.0,1,2,151.55,S,First,woman,False,Southampton,no,False,3,-0.32052560120428997,2.404961005438245
0,3,male,24.0,0,0,7.7958,S,Third,man,True,Southampton,no,True,0,-0.3895732532335214,-0.489251126190447
0,3,male,17.0,0,0,8.6625,S,Third,man,True,Southampton,no,True,0,-0.872906817438141,-0.4718018018960432
0,3,female,21.0,0,0,7.75,Q,Third,woman,False,Queenstown,no,True,0,-0.5967162093212155,-0.49017322040145855
0,3,female,,0,0,7.6292,Q,Third,woman,False,Queenstown,no,True,0,,-0.4926052942156549
0,3,female,37.0,0,0,9.5875,S,Third,woman,False,Southampton,no,True,0,0.5080462231464865,-0.4531787201234304
1,1,female,16.0,0,0,86.5,S,First,woman,False,Southampton,yes,True,0,-0.9419544694673724,1.0953053629426073
0,1,male,18.0,1,0,108.9,C,First,man,True,Cherbourg,no,False,1,-0.8038591654089097,1.546285937760475
1,2,female,33.0,0,2,26.0,S,Second,woman,False,Southampton,yes,False,2,0.23185561502956104,-0.12274485029315124
1,1,male,,0,0,26.55,S,First,man,True,Southampton,yes,True,0,,-0.11167166653646252
0,3,male,28.0,0,0,22.525,S,Third,man,True,Southampton,no,True,0,-0.11338264511659585,-0.19270723857404815
1,3,male,26.0,0,0,56.4958,S,Third,man,True,Southampton,yes,True,0,-0.2514779491750586,0.4912289628108992
1,3,male,29.0,0,0,7.75,Q,Third,man,True,Queenstown,yes,True,0,-0.04433499308736447,-0.49017322040145855
0,3,male,,0,0,8.05,S,Third,man,True,Southampton,no,True,0,,-0.4841333019887193
1,1,male,36.0,0,0,26.2875,S,First,man,True,Southampton,yes,True,0,0.43899857111725515,-0.1169565951476094
1,1,female,54.0,1,0,59.4,C,First,woman,False,Cherbourg,yes,False,1,1.68185630764342,0.5496993996584907
0,3,male,24.0,0,0,7.4958,S,Third,man,True,Southampton,no,True,0,-0.3895732532335214,-0.49529104460318635
0,1,male,47.0,0,0,34.0208,S,First,man,True,Southampton,no,True,0,1.1985227434388004,0.03873840838984667
1,2,female,34.0,0,0,10.5,S,Second,woman,False,Southampton,yes,True,0,0.30090326705879245,-0.434807301618015
0,3,male,,0,0,24.15,Q,Third,man,True,Queenstown,no,True,0,,-0.15999101383837694
1,2,female,36.0,1,0,26.0,S,Second,woman,False,Southampton,yes,False,1,0.43899857111725515,-0.12274485029315124
0,3,male,32.0,0,0,7.8958,S,Third,man,True,Southampton,no,True,0,0.16280796300032965,-0.48723782005286725
1,1,female,30.0,0,0,93.5,S,First,woman,False,Southampton,yes,True,0,0.024712658941866906,1.236236792573191
0,3,male,22.0,0,0,7.8958,S,Third,man,True,Southampton,no,True,0,-0.5276685572919841,-0.48723782005286725
0,3,male,,0,0,7.225,C,Third,man,True,Cherbourg,no,True,0,,-0.5007430776237524
1,1,female,44.0,0,1,57.9792,C,First,woman,False,Cherbourg,yes,False,1,0.9913797873511062,0.5210943460557573
0,3,male,,0,0,7.2292,C,Third,man,True,Cherbourg,no,True,0,,-0.500658518765974
0,3,male,40.5,0,0,7.75,Q,Third,man,True,Queenstown,no,True,0,0.7497130052487964,-0.49017322040145855
1,2,female,50.0,0,0,10.5,S,Second,woman,False,Southampton,yes,True,0,1.4056656995264944,-0.434807301618015
0,1,male,,0,0,221.7792,S,First,man,True,Southampton,no,True,0,,3.8188897994114144
0,3,male,39.0,0,0,7.925,S,Third,man,True,Southampton,no,True,0,0.6461415272049493,-0.48664993466069395
0,2,male,23.0,2,1,11.5,S,Second,man,True,Southampton,no,False,3,-0.45862090526275273,-0.41467424024221733
1,2,female,2.0,1,1,26.0,S,Second,child,False,Southampton,yes,False,2,-1.9086215978766117,-0.12274485029315124
0,3,male,,0,0,7.2292,C,Third,man,True,Cherbourg,no,True,0,,-0.500658518765974
0,3,male,17.0,1,1,7.2292,C,Third,man,True,Cherbourg,no,False,2,-0.872906817438141,-0.500658518765974
1,3,female,,0,2,22.3583,C,Third,woman,False,Cherbourg,yes,False,2,,-0.19606341990539358
0,3,female,30.0,0,0,8.6625,S,Third,woman,False,Southampton,no,True,0,0.024712658941866906,-0.4718018018960432
1,2,female,7.0,0,2,26.25,S,Second,child,False,Southampton,yes,False,2,-1.563383337730455,-0.11771158494920184
0,1,male,45.0,0,0,26.55,S,First,man,True,Southampton,no,True,0,1.0604274393803377,-0.11167166653646252
1,1,female,30.0,0,0,106.425,C,First,woman,False,Cherbourg,yes,True,0,0.024712658941866906,1.4964566108553758
0,3,male,,0,0,14.5,S,Third,man,True,Southampton,no,True,0,,-0.35427505611482435
1,1,female,22.0,0,2,49.5,C,First,woman,False,Cherbourg,yes,False,2,-0.5276685572919841,0.3503820920380938
1,1,female,36.0,0,2,71.0,S,First,woman,False,Southampton,yes,False,2,0.43899857111725515,0.7832429116177435
0,3,female,9.0,4,2,31.275,S,Third,child,False,Southampton,no,False,6,-1.425288033671992,-0.016542951535818605
0,3,female,11.0,4,2,31.275,S,Third,child,False,Southampton,no,False,6,-1.2871927296135293,-0.016542951535818605
1,2,male,32.0,1,0,26.0,S,Second,man,True,Southampton,yes,False,1,0.16280796300032965,-0.12274485029315124
0,1,male,50.0,1,0,106.425,C,First,man,True,Cherbourg,no,False,1,1.4056656995264944,1.4964566108553758
0,1,male,64.0,0,0,26.0,S,First,man,True,Southampton,no,True,0,2.372332827935734,-0.12274485029315124
1,2,female,19.0,1,0,26.0,S,Second,woman,False,Southampton,yes,False,1,-0.7348115133796783,-0.12274485029315124
1,2,male,,0,0,13.8625,C,Second,man,True,Cherbourg,yes,True,0,,-0.3671098827418954
0,3,male,33.0,1,1,20.525,S,Third,man,True,Southampton,no,False,2,0.23185561502956104,-0.23297336132564347
1,2,male,8.0,1,1,36.75,S,Second,child,False,Southampton,yes,False,2,-1.4943356857012233,0.09368555949667362
1,1,male,17.0,0,2,110.8833,C,First,man,True,Cherbourg,yes,False,2,-0.872906817438141,1.5862158383870948
0,2,male,27.0,0,0,26.0,S,Second,man,True,Southampton,no,True,0,-0.18243029714582723,-0.12274485029315124
0,3,male,,0,0,7.8292,Q,Third,man,True,Queenstown,no,True,0,,-0.4885786819404954
1,3,male,22.0,0,0,7.225,C,Third,man,True,Cherbourg,yes,True,0,-0.5276685572919841,-0.5007430776237524
1,3,female,22.0,0,0,7.775,S,Third,woman,False,Southampton,yes,True,0,-0.5276685572919841,-0.48966989386706367
0,1,male,62.0,0,0,26.55,S,First,man,True,Southampton,no,True,0,2.234237523877271,-0.11167166653646252
1,1,female,48.0,1,0,39.6,C,First,woman,False,Cherbourg,yes,False,1,1.2675703954680317,0.151064784417697
0,1,male,,0,0,227.525,C,First,man,True,Cherbourg,no,True,0,,3.9345703434644728
1,1,female,39.0,1,1,79.65,S,First,woman,False,Southampton,yes,False,2,0.6461415272049493,0.9573938925183935
1,3,female,36.0,1,0,17.4,S,Third,woman,False,Southampton,yes,False,1,0.43899857111725515,-0.29588917812501114
0,3,male,,0,0,7.75,Q,Third,man,True,Queenstown,no,True,0,,-0.49017322040145855
0,3,male,40.0,0,0,7.8958,S,Third,man,True,Southampton,no,True,0,0.7151891792341807,-0.48723782005286725
0,2,male,28.0,0,0,13.5,S,Second,man,True,Southampton,no,True,0,-0.11338264511659585,-0.374408117490622
0,3,male,,0,0,8.05,S,Third,man,True,Southampton,no,True,0,,-0.4841333019887193
0,3,female,,0,0,8.05,S,Third,woman,False,Southampton,no,True,0,,-0.4841333019887193
0,3,male,24.0,2,0,24.15,S,Third,man,True,Southampton,no,False,2,-0.3895732532335214,-0.15999101383837694
0,3,male,19.0,0,0,7.8958,S,Third,man,True,Southampton,no,True,0,-0.7348115133796783,-0.48723782005286725
0,3,female,29.0,0,4,21.075,S,Third,woman,False,Southampton,no,False,4,-0.04433499308736447,-0.22190017756895475
0,3,male,,0,0,7.2292,C,Third,man,True,Cherbourg,no,True,0,,-0.500658518765974
1,3,male,32.0,0,0,7.8542,S,Third,man,True,Southampton,yes,True,0,0.16280796300032965,-0.4880753554061005
1,2,male,62.0,0,0,10.5,S,Second,man,True,Southampton,yes,True,0,2.234237523877271,-0.434807301618015
1,1,female,53.0,2,0,51.4792,S,First,woman,False,Southampton,yes,False,2,1.6128086556141885,0.3902294471130725
1,1,male,36.0,0,0,26.3875,S,First,man,True,Southampton,yes,True,0,0.43899857111725515,-0.11494328901002966
1,3,female,,0,0,7.75,Q,Third,woman,False,Queenstown,yes,True,0,,-0.49017322040145855
0,3,male,16.0,0,0,8.05,S,Third,man,True,Southampton,no,True,0,-0.9419544694673724,-0.4841333019887193
0,3,male,19.0,0,0,14.5,S,Third,man,True,Southampton,no,True,0,-0.7348115133796783,-0.35427505611482435
1,2,female,34.0,0,0,13.0,S,Second,woman,False,Southampton,yes,True,0,0.30090326705879245,-0.38447464817852084
1,1,female,39.0,1,0,55.9,S,First,woman,False,Southampton,yes,False,1,0.6461415272049493,0.47923368484319884
0,3,female,,1,0,14.4583,C,Third,woman,False,Cherbourg,no,False,1,,-0.3551146047741951
1,3,male,32.0,0,0,7.925,S,Third,man,True,Southampton,yes,True,0,0.16280796300032965,-0.48664993466069395
1,2,female,25.0,1,1,30.0,S,Second,woman,False,Southampton,yes,False,2,-0.32052560120428997,-0.0422126047899606
1,1,female,39.0,1,1,110.8833,C,First,woman,False,Cherbourg,yes,False,2,0.6461415272049493,1.5862158383870948
0,2,male,54.0,0,0,26.0,S,Second,man,True,Southampton,no,True,0,1.68185630764342,-0.12274485029315124
0,1,male,36.0,0,0,40.125,C,First,man,True,Cherbourg,no,True,0,0.43899857111725515,0.16163464163999072
0,3,male,,0,0,8.7125,C,Third,man,True,Cherbourg,no,True,0,,-0.4707951488272534
1,1,female,18.0,0,2,79.65,S,First,woman,False,Southampton,yes,False,2,-0.8038591654089097,0.9573938925183935
0,2,male,47.0,0,0,15.0,S,Second,man,True,Southampton,no,True,0,1.1985227434388004,-0.34420852542692554
1,1,male,60.0,1,1,79.2,C,First,man,True,Cherbourg,yes,False,2,2.0961422198188084,0.9483340148992845
0,3,male,22.0,0,0,8.05,S,Third,man,True,Southampton,no,True,0,-0.5276685572919841,-0.4841333019887193
0,3,male,,0,0,8.05,S,Third,man,True,Southampton,no,True,0,,-0.4841333019887193
0,3,male,35.0,0,0,7.125,S,Third,man,True,Southampton,no,True,0,0.3699509190880238,-0.5027563837613321
1,1,female,52.0,1,0,78.2667,C,First,woman,False,Cherbourg,yes,False,1,1.5437610035849572,0.9295438287172524
0,3,male,47.0,0,0,7.25,S,Third,man,True,Southampton,no,True,0,1.1985227434388004,-0.5002397510893574
0,3,female,,0,2,7.75,Q,Third,woman,False,Queenstown,no,False,2,,-0.49017322040145855
0,2,male,37.0,1,0,26.0,S,Second,man,True,Southampton,no,False,1,0.5080462231464865,-0.12274485029315124
0,3,male,36.0,1,1,24.15,S,Third,man,True,Southampton,no,False,2,0.43899857111725515,-0.15999101383837694
1,2,female,,0,0,33.0,S,Second,woman,False,Southampton,yes,True,0,,0.01818657933743239
0,3,male,49.0,0,0,0.0,S,Third,man,True,Southampton,no,True,0,1.336618047497263,-0.6462044460638905
0,3,male,,0,0,7.225,C,Third,man,True,Cherbourg,no,True,0,,-0.5007430776237524
1,1,male,49.0,1,0,56.9292,C,First,man,True,Cherbourg,yes,False,1,1.336618047497263,0.4999546316111698
1,2,female,24.0,2,1,27.0,S,Second,woman,False,Southampton,yes,False,3,-0.3895732532335214,-0.10261178891735358
0,3,male,,0,0,7.8958,S,Third,man,True,Southampton,no,True,0,,-0.48723782005286725
0,1,male,,0,0,42.4,S,First,man,True,Southampton,no,True,0,,0.20743735626993037
0,3,male,44.0,0,0,8.05,S,Third,man,True,Southampton,no,True,0,0.9913797873511062,-0.4841333019887193
1,1,male,35.0,0,0,26.55,C,First,man,True,Cherbourg,yes,True,0,0.3699509190880238,-0.11167166653646252
0,3,male,36.0,1,0,15.55,S,Third,man,True,Southampton,no,False,1,0.43899857111725515,-0.3331353416702368
0,3,male,30.0,0,0,7.8958,S,Third,man,True,Southampton,no,True,0,0.024712658941866906,-0.48723782005286725
1,1,male,27.0,0,0,30.5,S,First,man,True,Southampton,yes,True,0,-0.18243029714582723,-0.032146074102061765
1,2,female,22.0,1,2,41.5792,C,Second,woman,False,Cherbourg,yes,False,3,-0.5276685572919841,0.1909121394926757
1,1,female,40.0,0,0,153.4625,S,First,woman,False,Southampton,yes,True,0,0.7151891792341807,2.443465485319458
0,3,female,39.0,1,5,31.275,S,Third,woman,False,Southampton,no,False,6,0.6461415272049493,-0.016542951535818605
0,3,male,,0,0,7.05,S,Third,man,True,Southampton,no,True,0,,-0.5042663633645169
1,3,female,,1,0,15.5,Q,Third,woman,False,Queenstown,yes,False,1,,-0.33414199473902667
0,3,male,,0,0,7.75,Q,Third,man,True,Queenstown,no,True,0,,-0.49017322040145855
0,3,male,35.0,0,0,8.05,S,Third,man,True,Southampton,no,True,0,0.3699509190880238,-0.4841333019887193
1,2,female,24.0,1,2,65.0,S,Second,woman,False,Southampton,yes,False,3,-0.3895732532335214,0.6624445433629575
0,3,male,34.0,1,1,14.4,S,Third,man,True,Southampton,no,False,2,0.30090326705879245,-0.3562883622524042
0,3,female,26.0,1,0,16.1,S,Third,woman,False,Southampton,no,False,1,-0.2514779491750586,-0.3220621579135481
1,2,female,4.0,2,1,39.0,S,Second,child,False,Southampton,yes,False,3,-1.770526293818149,0.13898494759221836
0,2,male,26.0,0,0,10.5,S,Second,man,True,Southampton,no,True,0,-0.2514779491750586,-0.434807301618015
0,3,male,27.0,1,0,14.4542,C,Third,man,True,Cherbourg,no,False,1,-0.18243029714582723,-0.3551971503258359
1,1,male,42.0,1,0,52.5542,S,First,man,True,Southampton,yes,False,1,0.8532844832926435,0.41187248809205507
1,3,male,20.0,1,1,15.7417,C,Third,man,True,Cherbourg,yes,False,2,-0.6657638613504469,-0.3292758338044964
0,3,male,21.0,0,0,7.8542,S,Third,man,True,Southampton,no,True,0,-0.5967162093212155,-0.4880753554061005
0,3,male,21.0,0,0,16.1,S,Third,man,True,Southampton,no,True,0,-0.5967162093212155,-0.3220621579135481
0,1,male,61.0,0,0,32.3208,S,First,man,True,Southampton,no,True,0,2.16518987184804,0.004512204050990585
0,2,male,57.0,0,0,12.35,Q,Second,man,True,Queenstown,no,True,0,1.8889992637311142,-0.3975611380727893
1,1,female,21.0,0,0,77.9583,S,First,woman,False,Southampton,yes,True,0,-0.5967162093212155,0.9233347925889563
0,3,male,26.0,0,0,7.8958,S,Third,man,True,Southampton,no,True,0,-0.2514779491750586,-0.48723782005286725
0,3,male,,0,0,7.7333,Q,Third,man,True,Queenstown,no,True,0,,-0.4905094425264344
1,1,male,80.0,0,0,30.0,S,First,man,True,Southampton,yes,True,0,3.477095260403436,-0.0422126047899606
0,3,male,51.0,0,0,7.0542,S,Third,man,True,Southampton,no,True,0,1.4747133515557258,-0.5041818045067386
1,1,male,32.0,0,0,30.5,C,First,man,True,Cherbourg,yes,True,0,0.16280796300032965,-0.032146074102061765
0,1,male,,0,0,0.0,S,First,man,True,Southampton,no,True,0,,-0.6462044460638905
0,3,female,9.0,3,2,27.9,S,Third,child,False,Southampton,no,False,5,-1.425288033671992,-0.08449203367913571
1,2,female,28.0,0,0,13.0,S,Second,woman,False,Southampton,yes,True,0,-0.11338264511659585,-0.38447464817852084
0,3,male,32.0,0,0,7.925,S,Third,man,True,Southampton,no,True,0,0.16280796300032965,-0.48664993466069395
0,2,male,31.0,1,1,26.25,S,Second,man,True,Southampton,no,False,2,0.09376031097109828,-0.11771158494920184
0,3,female,41.0,0,5,39.6875,S,Third,woman,False,Southampton,no,False,5,0.784236831263412,0.15282642728807924
0,3,male,,1,0,16.1,S,Third,man,True,Southampton,no,False,1,,-0.3220621579135481
0,3,male,20.0,0,0,7.8542,S,Third,man,True,Southampton,no,True,0,-0.6657638613504469,-0.4880753554061005
1,1,female,24.0,0,0,69.3,C,First,woman,False,Cherbourg,yes,True,0,-0.3895732532335214,0.7490167072788875
0,3,female,2.0,3,2,27.9,S,Third,child,False,Southampton,no,False,5,-1.9086215978766117,-0.08449203367913571
1,3,male,,0,0,56.4958,S,Third,man,True,Southampton,yes,True,0,,0.4912289628108992
1,3,female,0.75,2,1,19.2583,C,Third,child,False,Cherbourg,yes,False,3,-1.994931162913151,-0.25847591017036636
1,1,male,48.0,1,0,76.7292,C,First,man,True,Cherbourg,yes,False,1,1.2675703954680317,0.8985892468519636
0,3,male,19.0,0,0,7.8958,S,Third,man,True,Southampton,no,True,0,-0.7348115133796783,-0.48723782005286725
1,1,male,56.0,0,0,35.5,C,First,man,True,Cherbourg,yes,True,0,1.8199516117018828,0.06851923277692655
0,3,male,,0,0,7.55,S,Third,man,True,Southampton,no,True,0,,-0.4941998326766181
1,3,female,23.0,0,0,7.55,S,Third,woman,False,Southampton,yes,True,0,-0.45862090526275273,-0.4941998326766181
0,3,male,,0,0,7.8958,S,Third,man,True,Southampton,no,True,0,,-0.48723782005286725
1,2,female,18.0,0,1,23.0,S,Second,woman,False,Southampton,yes,False,1,-0.8038591654089097,-0.18314403442054422
0,3,male,21.0,0,0,8.4333,S,Third,man,True,Southampton,no,True,0,-0.5967162093212155,-0.47641629956337606
1,3,female,,0,0,7.8292,Q,Third,woman,False,Queenstown,yes,True,0,,-0.4885786819404954
0,3,female,18.0,0,0,6.75,Q,Third,woman,False,Queenstown,no,True,0,-0.8038591654089097,-0.5103062817772562
0,2,male,24.0,2,0,73.5,S,Second,man,True,Southampton,no,False,2,-0.3895732532335214,0.8335755650572377
0,3,male,,0,0,7.8958,S,Third,man,True,Southampton,no,True,0,,-0.48723782005286725
0,3,female,32.0,1,1,15.5,Q,Third,woman,False,Queenstown,no,False,2,0.16280796300032965,-0.33414199473902667
0,2,male,23.0,0,0,13.0,S,Second,man,True,Southampton,no,True,0,-0.45862090526275273,-0.38447464817852084
0,1,male,58.0,0,2,113.275,C,First,man,True,Cherbourg,no,False,2,1.9580469157603455,1.6343680812795898
1,1,male,50.0,2,0,133.65,S,First,man,True,Southampton,yes,False,2,1.4056656995264944,2.044579206811467
0,3,male,40.0,0,0,7.225,C,Third,man,True,Cherbourg,no,True,0,0.7151891792341807,-0.5007430776237524
0,1,male,47.0,0,0,25.5875,S,First,man,True,Southampton,no,True,0,1.1985227434388004,-0.1310497381106678
0,3,male,36.0,0,0,7.4958,S,Third,man,True,Southampton,no,True,0,0.43899857111725515,-0.49529104460318635
1,3,male,20.0,1,0,7.925,S,Third,man,True,Southampton,yes,False,1,-0.6657638613504469,-0.48664993466069395
0,2,male,32.0,2,0,73.5,S,Second,man,True,Southampton,no,False,2,0.16280796300032965,0.8335755650572377
0,2,male,25.0,0,0,13.0,S,Second,man,True,Southampton,no,True,0,-0.32052560120428997,-0.38447464817852084
0,3,male,,0,0,7.775,S,Third,man,True,Southampton,no,True,0,,-0.48966989386706367
0,3,male,43.0,0,0,8.05,S,Third,man,True,Southampton,no,True,0,0.9223321353218749,-0.4841333019887193
1,1,female,,1,0,52.0,S,First,woman,False,Southampton,yes,False,1,,0.40071474547758795
1,2,female,40.0,1,1,39.0,S,Second,woman,False,Southampton,yes,False,2,0.7151891792341807,0.13898494759221836
0,1,male,31.0,1,0,52.0,S,First,man,True,Southampton,no,False,1,0.09376031097109828,0.40071474547758795
0,2,male,70.0,0,0,10.5,S,Second,man,True,Southampton,no,True,0,2.7866187401111224,-0.434807301618015
1,2,male,31.0,0,0,13.0,S,Second,man,True,Southampton,yes,True,0,0.09376031097109828,-0.38447464817852084
0,2,male,,0,0,0.0,S,Second,man,True,Southampton,no,True,0,,-0.6462044460638905
0,3,male,18.0,0,0,7.775,S,Third,man,True,Southampton,no,True,0,-0.8038591654089097,-0.48966989386706367
0,3,male,24.5,0,0,8.05,S,Third,man,True,Southampton,no,True,0,-0.3550494272189057,-0.4841333019887193
1,3,female,18.0,0,0,9.8417,S,Third,woman,False,Southampton,yes,True,0,-0.8038591654089097,-0.4480608959217026
0,3,female,43.0,1,6,46.9,S,Third,woman,False,Southampton,no,False,7,0.9223321353218749,0.29803613246101984
1,1,male,36.0,0,1,512.3292,C,First,man,True,Cherbourg,yes,False,1,0.43899857111725515,9.668550782149426
0,3,female,,0,0,8.1375,Q,Third,woman,False,Queenstown,no,True,0,,-0.482371659118337
1,1,male,27.0,0,0,76.7292,C,First,man,True,Cherbourg,yes,True,0,-0.18243029714582723,0.8985892468519636
0,3,male,20.0,0,0,9.225,S,Third,man,True,Southampton,no,True,0,-0.6657638613504469,-0.460476954872157
0,3,male,14.0,5,2,46.9,S,Third,child,False,Southampton,no,False,7,-1.0800497735258352,0.29803613246101984
0,2,male,60.0,1,1,39.0,S,Second,man,True,Southampton,no,False,2,2.0961422198188084,0.13898494759221836
0,2,male,25.0,1,2,41.5792,C,Second,man,True,Cherbourg,no,False,3,-0.32052560120428997,0.1909121394926757
0,3,male,14.0,4,1,39.6875,S,Third,child,False,Southampton,no,False,5,-1.0800497735258352,0.15282642728807924
0,3,male,19.0,0,0,10.1708,S,Third,man,True,Southampton,no,True,0,-0.7348115133796783,-0.4414351054229276
0,3,male,18.0,0,0,7.7958,S,Third,man,True,Southampton,no,True,0,-0.8038591654089097,-0.489251126190447
1,1,female,15.0,0,1,211.3375,S,First,child,False,Southampton,yes,False,1,-1.0110021214966038,3.608666412443748
1,1,male,31.0,1,0,57.0,S,First,man,True,Southampton,yes,False,1,0.09376031097109828,0.5013800523565762
1,3,female,4.0,0,1,13.4167,C,Third,child,False,Cherbourg,yes,False,1,-1.770526293818149,-0.376085201503226
1,3,male,,0,0,56.4958,S,Third,man,True,Southampton,yes,True,0,,0.4912289628108992
0,3,male,25.0,0,0,7.225,C,Third,man,True,Cherbourg,no,True,0,-0.32052560120428997,-0.5007430776237524
0,1,male,60.0,0,0,26.55,S,First,man,True,Southampton,no,True,0,2.0961422198188084,-0.11167166653646252
0,2,male,52.0,0,0,13.5,S,Second,man,True,Southampton,no,True,0,1.5437610035849572,-0.374408117490622
0,3,male,44.0,0,0,8.05,S,Third,man,True,Southampton,no,True,0,0.9913797873511062,-0.4841333019887193
1,3,female,,0,0,7.7333,Q,Third,woman,False,Queenstown,yes,True,0,,-0.4905094425264344
0,1,male,49.0,1,1,110.8833,C,First,man,True,Cherbourg,no,False,2,1.336618047497263,1.5862158383870948
0,3,male,42.0,0,0,7.65,S,Third,man,True,Southampton,no,True,0,0.8532844832926435,-0.4921865265390384
1,1,female,18.0,1,0,227.525,C,First,woman,False,Cherbourg,yes,False,1,-0.8038591654089097,3.9345703434644728
1,1,male,35.0,0,0,26.2875,S,First,man,True,Southampton,yes,True,0,0.3699509190880238,-0.1169565951476094
0,3,female,18.0,0,1,14.4542,C,Third,woman,False,Cherbourg,no,False,1,-0.8038591654089097,-0.3551971503258359
0,3,male,25.0,0,0,7.7417,Q,Third,man,True,Queenstown,no,True,0,-0.32052560120428997,-0.49034032481087764
0,3,male,26.0,1,0,7.8542,S,Third,man,True,Southampton,no,False,1,-0.2514779491750586,-0.4880753554061005
0,2,male,39.0,0,0,26.0,S,Second,man,True,Southampton,no,True,0,0.6461415272049493,-0.12274485029315124
1,2,female,45.0,0,0,13.5,S,Second,woman,False,Southampton,yes,True,0,1.0604274393803377,-0.374408117490622
1,1,male,42.0,0,0,26.2875,S,First,man,True,Southampton,yes,True,0,0.8532844832926435,-0.1169565951476094
1,1,female,22.0,0,0,151.55,S,First,woman,False,Southampton,yes,True,0,-0.5276685572919841,2.404961005438245
1,3,male,,1,1,15.2458,C,Third,man,True,Cherbourg,yes,False,2,,-0.33925981894075447
1,1,female,24.0,0,0,49.5042,C,First,woman,False,Cherbourg,yes,True,0,-0.3895732532335214,0.3504666508958721
0,1,male,,0,0,26.55,S,First,man,True,Southampton,no,True,0,,-0.11167166653646252
1,1,male,48.0,1,0,52.0,S,First,man,True,Southampton,yes,False,1,1.2675703954680317,0.40071474547758795
0,3,male,29.0,0,0,9.4833,S,Third,man,True,Southampton,no,True,0,-0.04433499308736447,-0.4552765851187885
0,2,male,52.0,0,0,13.0,S,Second,man,True,Southampton,no,True,0,1.5437610035849572,-0.38447464817852084
0,3,male,19.0,0,0,7.65,S,Third,man,True,Southampton,no,True,0,-0.7348115133796783,-0.4921865265390384
1,1,female,38.0,0,0,227.525,C,First,woman,False,Cherbourg,yes,True,0,0.577093875175718,3.9345703434644728
1,2,female,27.0,0,0,10.5,S,Second,woman,False,Southampton,yes,True,0,-0.18243029714582723,-0.434807301618015
0,3,male,,0,0,15.5,Q,Third,man,True,Queenstown,no,True,0,,-0.33414199473902667
0,3,male,33.0,0,0,7.775,S,Third,man,True,Southampton,no,True,0,0.23185561502956104,-0.48966989386706367
1,2,female,6.0,0,1,33.0,S,Second,child,False,Southampton,yes,False,1,-1.6324309897596863,0.01818657933743239
0,3,male,17.0,1,0,7.0542,S,Third,man,True,Southampton,no,False,1,-0.872906817438141,-0.5041818045067386
0,2,male,34.0,0,0,13.0,S,Second,man,True,Southampton,no,True,0,0.30090326705879245,-0.38447464817852084
0,2,male,50.0,0,0,13.0,S,Second,man,True,Southampton,no,True,0,1.4056656995264944,-0.38447464817852084
1,1,male,27.0,1,0,53.1,S,First,man,True,Southampton,yes,False,1,-0.18243029714582723,0.4228611129909654
0,3,male,20.0,0,0,8.6625,S,Third,man,True,Southampton,no,True,0,-0.6657638613504469,-0.4718018018960432
1,2,female,30.0,3,0,21.0,S,Second,woman,False,Southampton,yes,False,3,0.024712658941866906,-0.22341015717213955
1,3,female,,0,0,7.7375,Q,Third,woman,False,Queenstown,yes,True,0,,-0.49042488366865605
0,2,male,25.0,1,0,26.0,S,Second,man,True,Southampton,no,False,1,-0.32052560120428997,-0.12274485029315124
0,3,female,25.0,1,0,7.925,S,Third,woman,False,Southampton,no,False,1,-0.32052560120428997,-0.48664993466069395
1,1,female,29.0,0,0,211.3375,S,First,woman,False,Southampton,yes,True,0,-0.04433499308736447,3.608666412443748
0,3,male,11.0,0,0,18.7875,C,Third,child,False,Cherbourg,no,True,0,-1.2871927296135293,-0.26795455546609187
0,2,male,,0,0,0.0,S,Second,man,True,Southampton,no,True,0,,-0.6462044460638905
0,2,male,23.0,0,0,13.0,S,Second,man,True,Southampton,no,True,0,-0.45862090526275273,-0.38447464817852084
0,2,male,23.0,0,0,13.0,S,Second,man,True,Southampton,no,True,0,-0.45862090526275273,-0.38447464817852084
0,3,male,28.5,0,0,16.1,S,Third,man,True,Southampton,no,True,0,-0.07885881910198016,-0.3220621579135481
0,3,female,48.0,1,3,34.375,S,Third,woman,False,Southampton,no,False,4,1.2675703954680317,0.045869538729154176
1,1,male,35.0,0,0,512.3292,C,First,man,True,Cherbourg,yes,True,0,0.3699509190880238,9.668550782149426
0,3,male,,0,0,7.8958,S,Third,man,True,Southampton,no,True,0,,-0.48723782005286725
0,3,male,,0,0,7.8958,S,Third,man,True,Southampton,no,True,0,,-0.48723782005286725
1,1,male,,0,0,30.0,S,First,man,True,Southampton,yes,True,0,,-0.0422126047899606
0,1,male,36.0,1,0,78.85,S,First,man,True,Southampton,no,False,1,0.43899857111725515,0.941287443417755
1,1,female,21.0,2,2,262.375,C,First,woman,False,Cherbourg,yes,False,4,-0.5967162093212155,4.636207532411021
0,3,male,24.0,1,0,16.1,S,Third,man,True,Southampton,no,False,1,-0.3895732532335214,-0.3220621579135481
1,3,male,31.0,0,0,7.925,S,Third,man,True,Southampton,yes,True,0,0.09376031097109828,-0.48664993466069395
0,1,male,70.0,1,1,71.0,S,First,man,True,Southampton,no,False,2,2.7866187401111224,0.7832429116177435
0,3,male,16.0,1,1,20.25,S,Third,man,True,Southampton,no,False,2,-0.9419544694673724,-0.2385099532039878
1,2,female,30.0,0,0,13.0,S,Second,woman,False,Southampton,yes,True,0,0.024712658941866906,-0.38447464817852084
0,1,male,19.0,1,0,53.1,S,First,man,True,Southampton,no,False,1,-0.7348115133796783,0.4228611129909654
0,3,male,31.0,0,0,7.75,Q,Third,man,True,Queenstown,no,True,0,0.09376031097109828,-0.49017322040145855
1,2,female,4.0,1,1,23.0,S,Second,child,False,Southampton,yes,False,2,-1.770526293818149,-0.18314403442054422
1,3,male,6.0,0,1,12.475,S,Third,child,False,Southampton,yes,False,1,-1.6324309897596863,-0.3950445054008146
0,3,male,33.0,0,0,9.5,S,Third,man,True,Southampton,no,True,0,0.23185561502956104,-0.4549403629938127
0,3,male,23.0,0,0,7.8958,S,Third,man,True,Southampton,no,True,0,-0.45862090526275273,-0.48723782005286725
1,2,female,48.0,1,2,65.0,S,Second,woman,False,Southampton,yes,False,3,1.2675703954680317,0.6624445433629575
1,2,male,0.67,1,1,14.5,S,Second,child,False,Southampton,yes,False,2,-2.000454975075489,-0.35427505611482435
0,3,male,28.0,0,0,7.7958,S,Third,man,True,Southampton,no,True,0,-0.11338264511659585,-0.489251126190447
0,2,male,18.0,0,0,11.5,S,Second,man,True,Southampton,no,True,0,-0.8038591654089097,-0.41467424024221733
0,3,male,34.0,0,0,8.05,S,Third,man,True,Southampton,no,True,0,0.30090326705879245,-0.4841333019887193
1,1,female,33.0,0,0,86.5,S,First,woman,False,Southampton,yes,True,0,0.23185561502956104,1.0953053629426073
0,3,male,,0,0,14.5,S,Third,man,True,Southampton,no,True,0,,-0.35427505611482435
0,3,male,41.0,0,0,7.125,S,Third,man,True,Southampton,no,True,0,0.784236831263412,-0.5027563837613321
1,3,male,20.0,0,0,7.2292,C,Third,man,True,Cherbourg,yes,True,0,-0.6657638613504469,-0.500658518765974
1,1,female,36.0,1,2,120.0,S,First,woman,False,Southampton,yes,False,3,0.43899857111725515,1.769762919031829
0,3,male,16.0,0,0,7.775,S,Third,man,True,Southampton,no,True,0,-0.9419544694673724,-0.48966989386706367
1,1,female,51.0,1,0,77.9583,S,First,woman,False,Southampton,yes,False,1,1.4747133515557258,0.9233347925889563
0,1,male,,0,0,39.6,C,First,man,True,Cherbourg,no,True,0,,0.151064784417697
0,3,female,30.5,0,0,7.75,Q,Third,woman,False,Queenstown,no,True,0,0.059236484956482593,-0.49017322040145855
0,3,male,,1,0,24.15,Q,Third,man,True,Queenstown,no,False,1,,-0.15999101383837694
0,3,male,32.0,0,0,8.3625,S,Third,man,True,Southampton,no,True,0,0.16280796300032965,-0.47784172030878247
0,3,male,24.0,0,0,9.5,S,Third,man,True,Southampton,no,True,0,-0.3895732532335214,-0.4549403629938127
0,3,male,48.0,0,0,7.8542,S,Third,man,True,Southampton,no,True,0,1.2675703954680317,-0.4880753554061005
0,2,female,57.0,0,0,10.5,S,Second,woman,False,Southampton,no,True,0,1.8889992637311142,-0.434807301618015
0,3,male,,0,0,7.225,C,Third,man,True,Cherbourg,no,True,0,,-0.5007430776237524
1,2,female,54.0,1,3,23.0,S,Second,woman,False,Southampton,yes,False,4,1.68185630764342,-0.18314403442054422
0,3,male,18.0,0,0,7.75,S,Third,man,True,Southampton,no,True,0,-0.8038591654089097,-0.49017322040145855
0,3,male,,0,0,7.75,Q,Third,man,True,Queenstown,no,True,0,,-0.49017322040145855
1,3,female,5.0,0,0,12.475,S,Third,child,False,Southampton,yes,True,0,-1.7014786417889176,-0.3950445054008146
0,3,male,,0,0,7.7375,Q,Third,man,True,Queenstown,no,True,0,,-0.49042488366865605
1,1,female,43.0,0,1,211.3375,S,First,woman,False,Southampton,yes,False,1,0.9223321353218749,3.608666412443748
1,3,female,13.0,0,0,7.2292,C,Third,child,False,Cherbourg,yes,True,0,-1.1490974255550666,-0.500658518765974
1,1,female,17.0,1,0,57.0,S,First,woman,False,Southampton,yes,False,1,-0.872906817438141,0.5013800523565762
0,1,male,29.0,0,0,30.0,S,First,man,True,Southampton,no,True,0,-0.04433499308736447,-0.0422126047899606
0,3,male,,1,2,23.45,S,Third,man,True,Southampton,no,False,3,,-0.1740841568014353
0,3,male,25.0,0,0,7.05,S,Third,man,True,Southampton,no,True,0,-0.32052560120428997,-0.5042663633645169
0,3,male,25.0,0,0,7.25,S,Third,man,True,Southampton,no,True,0,-0.32052560120428997,-0.5002397510893574
1,3,female,18.0,0,0,7.4958,S,Third,woman,False,Southampton,yes,True,0,-0.8038591654089097,-0.49529104460318635
0,3,male,8.0,4,1,29.125,Q,Third,child,False,Queenstown,no,False,5,-1.4943356857012233,-0.05982903349378355
1,3,male,1.0,1,2,20.575,S,Third,child,False,Southampton,yes,False,3,-1.977669249905843,-0.2319667082568536
0,1,male,46.0,0,0,79.2,C,First,man,True,Cherbourg,no,True,0,1.129475091409569,0.9483340148992845
0,3,male,,0,0,7.75,Q,Third,man,True,Queenstown,no,True,0,,-0.49017322040145855
0,2,male,16.0,0,0,26.0,S,Second,man,True,Southampton,no,True,0,-0.9419544694673724,-0.12274485029315124
0,3,female,,8,2,69.55,S,Third,woman,False,Southampton,no,False,10,,0.7540499726228369
0,1,male,,0,0,30.6958,C,First,man,True,Cherbourg,no,True,0,,-0.028204020684680614
0,3,male,25.0,0,0,7.8958,S,Third,man,True,Southampton,no,True,0,-0.32052560120428997,-0.48723782005286725
0,2,male,39.0,0,0,13.0,S,Second,man,True,Southampton,no,True,0,0.6461415272049493,-0.38447464817852084
1,1,female,49.0,0,0,25.9292,S,First,woman,False,Southampton,yes,True,0,1.336618047497263,-0.12417027103855768
1,3,female,31.0,0,0,8.6833,S,Third,woman,False,Southampton,yes,True,0,0.09376031097109828,-0.4713830342194266
0,3,male,30.0,0,0,7.2292,C,Third,man,True,Cherbourg,no,True,0,0.024712658941866906,-0.500658518765974
0,3,female,30.0,1,1,24.15,S,Third,woman,False,Southampton,no,False,2,0.024712658941866906,-0.15999101383837694
0,2,male,34.0,0,0,13.0,S,Second,man,True,Southampton,no,True,0,0.30090326705879245,-0.38447464817852084
1,2,female,31.0,1,1,26.25,S,Second,woman,False,Southampton,yes,False,2,0.09376031097109828,-0.11771158494920184
1,1,male,11.0,1,2,120.0,S,First,child,False,Southampton,yes,False,3,-1.2871927296135293,1.769762919031829
1,3,male,0.42,0,1,8.5167,C,Third,child,False,Cherbourg,yes,False,1,-2.017716888082797,-0.4747372022446345
1,3,male,27.0,0,0,6.975,S,Third,man,True,Southampton,yes,True,0,-0.18243029714582723,-0.5057763429677017
0,3,male,31.0,0,0,7.775,S,Third,man,True,Southampton,no,True,0,0.09376031097109828,-0.48966989386706367
0,1,male,39.0,0,0,0.0,S,First,man,True,Southampton,no,True,0,0.6461415272049493,-0.6462044460638905
0,3,female,18.0,0,0,7.775,S,Third,woman,False,Southampton,no,True,0,-0.8038591654089097,-0.48966989386706367
0,2,male,39.0,0,0,13.0,S,Second,man,True,Southampton,no,True,0,0.6461415272049493,-0.38447464817852084
1,1,female,33.0,1,0,53.1,S,First,woman,False,Southampton,yes,False,1,0.23185561502956104,0.4228611129909654
0,3,male,26.0,0,0,7.8875,S,Third,man,True,Southampton,no,True,0,-0.2514779491750586,-0.4874049244622864
0,3,male,39.0,0,0,24.15,S,Third,man,True,Southampton,no,True,0,0.6461415272049493,-0.15999101383837694
0,2,male,35.0,0,0,10.5,S,Second,man,True,Southampton,no,True,0,0.3699509190880238,-0.434807301618015
0,3,female,6.0,4,2,31.275,S,Third,child,False,Southampton,no,False,6,-1.6324309897596863,-0.016542951535818605
0,3,male,30.5,0,0,8.05,S,Third,man,True,Southampton,no,True,0,0.059236484956482593,-0.4841333019887193
0,1,male,,0,0,0.0,S,First,man,True,Southampton,no,True,0,,-0.6462044460638905
0,3,female,23.0,0,0,7.925,S,Third,woman,False,Southampton,no,True,0,-0.45862090526275273,-0.48664993466069395
0,2,male,31.0,1,1,37.0042,C,Second,man,True,Cherbourg,no,False,2,0.09376031097109828,0.09880338369840133
0,3,male,43.0,0,0,6.45,S,Third,man,True,Southampton,no,True,0,0.9223321353218749,-0.5163462001899956
0,3,male,10.0,3,2,27.9,S,Third,child,False,Southampton,no,False,5,-1.3562403816427606,-0.08449203367913571
1,1,female,52.0,1,1,93.5,S,First,woman,False,Southampton,yes,False,2,1.5437610035849572,1.236236792573191
1,3,male,27.0,0,0,8.6625,S,Third,man,True,Southampton,yes,True,0,-0.18243029714582723,-0.4718018018960432
0,1,male,38.0,0,0,0.0,S,First,man,True,Southampton,no,True,0,0.577093875175718,-0.6462044460638905
1,3,female,27.0,0,1,12.475,S,Third,woman,False,Southampton,yes,False,1,-0.18243029714582723,-0.3950445054008146
0,3,male,2.0,4,1,39.6875,S,Third,child,False,Southampton,no,False,5,-1.9086215978766117,0.15282642728807924
0,3,male,,0,0,6.95,Q,Third,man,True,Queenstown,no,True,0,,-0.5062796695020967
0,3,male,,0,0,56.4958,S,Third,man,True,Southampton,no,True,0,,0.4912289628108992
1,2,male,1.0,0,2,37.0042,C,Second,child,False,Cherbourg,yes,False,2,-1.977669249905843,0.09880338369840133
1,3,male,,0,0,7.75,Q,Third,man,True,Queenstown,yes,True,0,,-0.49017322040145855
1,3,female,15.0,1,0,14.4542,C,Third,child,False,Cherbourg,yes,False,1,-1.0110021214966038,-0.3551971503258359
1,2,male,0.83,1,1,18.75,S,Second,child,False,Southampton,yes,False,2,-1.9894073507508125,-0.2687095452676843
0,3,male,,0,0,7.2292,C,Third,man,True,Cherbourg,no,True,0,,-0.500658518765974
0,3,male,23.0,0,0,7.8542,S,Third,man,True,Southampton,no,True,0,-0.45862090526275273,-0.4880753554061005
0,3,male,18.0,0,0,8.3,S,Third,man,True,Southampton,no,True,0,-0.8038591654089097,-0.47910003664476986
1,1,female,39.0,1,1,83.1583,C,First,woman,False,Cherbourg,yes,False,2,0.6461415272049493,1.0280267117431041
0,3,male,21.0,0,0,8.6625,S,Third,man,True,Southampton,no,True,0,-0.5967162093212155,-0.4718018018960432
0,3,male,,0,0,8.05,S,Third,man,True,Southampton,no,True,0,,-0.4841333019887193
1,3,male,32.0,0,0,56.4958,S,Third,man,True,Southampton,yes,True,0,0.16280796300032965,0.4912289628108992
1,1,male,,0,0,29.7,C,First,man,True,Cherbourg,yes,True,0,,-0.04825252320269991
0,3,male,20.0,0,0,7.925,S,Third,man,True,Southampton,no,True,0,-0.6657638613504469,-0.48664993466069395
0,2,male,16.0,0,0,10.5,S,Second,man,True,Southampton,no,True,0,-0.9419544694673724,-0.434807301618015
1,1,female,30.0,0,0,31.0,C,First,woman,False,Cherbourg,yes,True,0,0.024712658941866906,-0.022079543414162937
0,3,male,34.5,0,0,6.4375,C,Third,man,True,Cherbourg,no,True,0,0.3354270930734081,-0.516597863457193
0,3,male,17.0,0,0,8.6625,S,Third,man,True,Southampton,no,True,0,-0.872906817438141,-0.4718018018960432
0,3,male,42.0,0,0,7.55,S,Third,man,True,Southampton,no,True,0,0.8532844832926435,-0.4941998326766181
0,3,male,,8,2,69.55,S,Third,man,True,Southampton,no,False,10,,0.7540499726228369
0,3,male,35.0,0,0,7.8958,C,Third,man,True,Cherbourg,no,True,0,0.3699509190880238,-0.48723782005286725
0,2,male,28.0,0,1,33.0,S,Second,man,True,Southampton,no,False,1,-0.11338264511659585,0.01818657933743239
1,1,female,,1,0,89.1042,C,First,woman,False,Cherbourg,yes,False,1,,1.1477358813774596
0,3,male,4.0,4,2,31.275,S,Third,child,False,Southampton,no,False,6,-1.770526293818149,-0.016542951535818605
0,3,male,74.0,0,0,7.775,S,Third,man,True,Southampton,no,True,0,3.062809348228048,-0.48966989386706367
0,3,female,9.0,1,1,15.2458,C,Third,child,False,Cherbourg,no,False,2,-1.425288033671992,-0.33925981894075447
1,1,female,16.0,0,1,39.4,S,First,woman,False,Southampton,yes,False,1,-0.9419544694673724,0.1470381721425374
0,2,female,44.0,1,0,26.0,S,Second,woman,False,Southampton,no,False,1,0.9913797873511062,-0.12274485029315124
1,3,female,18.0,0,1,9.35,S,Third,woman,False,Southampton,yes,False,1,-0.8038591654089097,-0.4579603222001823
1,1,female,45.0,1,1,164.8667,S,First,woman,False,Southampton,yes,False,2,1.0604274393803377,2.67306694386133
1,1,male,51.0,0,0,26.55,S,First,man,True,Southampton,yes,True,0,1.4747133515557258,-0.11167166653646252
1,3,female,24.0,0,3,19.2583,C,Third,woman,False,Cherbourg,yes,False,3,-0.3895732532335214,-0.25847591017036636
0,3,male,,0,0,7.2292,C,Third,man,True,Cherbourg,no,True,0,,-0.500658518765974
0,3,male,41.0,2,0,14.1083,S,Third,man,True,Southampton,no,False,2,0.784236831263412,-0.3621611762557243
0,2,male,21.0,1,0,11.5,S,Second,man,True,Southampton,no,False,1,-0.5967162093212155,-0.41467424024221733
1,1,female,48.0,0,0,25.9292,S,First,woman,False,Southampton,yes,True,0,1.2675703954680317,-0.12417027103855768
0,3,female,,8,2,69.55,S,Third,woman,False,Southampton,no,False,10,,0.7540499726228369
0,2,male,24.0,0,0,13.0,S,Second,man,True,Southampton,no,True,0,-0.3895732532335214,-0.38447464817852084
1,2,female,42.0,0,0,13.0,S,Second,woman,False,Southampton,yes,True,0,0.8532844832926435,-0.38447464817852084
1,2,female,27.0,1,0,13.8583,C,Second,woman,False,Cherbourg,yes,False,1,-0.18243029714582723,-0.36719444159967374
0,1,male,31.0,0,0,50.4958,S,First,man,True,Southampton,no,True,0,0.09376031097109828,0.37043059455611316
0,3,male,,0,0,9.5,S,Third,man,True,Southampton,no,True,0,,-0.4549403629938127
1,3,male,4.0,1,1,11.1333,S,Third,child,False,Southampton,yes,False,2,-1.770526293818149,-0.4220570338487224
0,3,male,26.0,0,0,7.8958,S,Third,man,True,Southampton,no,True,0,-0.2514779491750586,-0.48723782005286725
1,1,female,47.0,1,1,52.5542,S,First,woman,False,Southampton,yes,False,2,1.1985227434388004,0.41187248809205507
0,1,male,33.0,0,0,5.0,S,First,man,True,Southampton,no,True,0,0.23185561502956104,-0.5455391391849022
0,3,male,47.0,0,0,9.0,S,Third,man,True,Southampton,no,True,0,1.1985227434388004,-0.4650068936817115
1,2,female,28.0,1,0,24.0,C,Second,woman,False,Cherbourg,yes,False,1,-0.11338264511659585,-0.16301097304474657
1,3,female,15.0,0,0,7.225,C,Third,child,False,Cherbourg,yes,True,0,-1.0110021214966038,-0.5007430776237524
0,3,male,20.0,0,0,9.8458,S,Third,man,True,Southampton,no,True,0,-0.6657638613504469,-0.44797835037006184
0,3,male,19.0,0,0,7.8958,S,Third,man,True,Southampton,no,True,0,-0.7348115133796783,-0.48723782005286725
0,3,male,,0,0,7.8958,S,Third,man,True,Southampton,no,True,0,,-0.48723782005286725
1,1,female,56.0,0,1,83.1583,C,First,woman,False,Cherbourg,yes,False,1,1.8199516117018828,1.0280267117431041
1,2,female,25.0,0,1,26.0,S,Second,woman,False,Southampton,yes,False,1,-0.32052560120428997,-0.12274485029315124
0,3,male,33.0,0,0,7.8958,S,Third,man,True,Southampton,no,True,0,0.23185561502956104,-0.48723782005286725
0,3,female,22.0,0,0,10.5167,S,Third,woman,False,Southampton,no,True,0,-0.5276685572919841,-0.4344710794930392
0,2,male,28.0,0,0,10.5,S,Second,man,True,Southampton,no,True,0,-0.11338264511659585,-0.434807301618015
0,3,male,25.0,0,0,7.05,S,Third,man,True,Southampton,no,True,0,-0.32052560120428997,-0.5042663633645169
0,3,female,39.0,0,5,29.125,Q,Third,woman,False,Queenstown,no,False,5,0.6461415272049493,-0.05982903349378355
0,2,male,27.0,0,0,13.0,S,Second,man,True,Southampton,no,True,0,-0.18243029714582723,-0.38447464817852084
1,1,female,19.0,0,0,30.0,S,First,woman,False,Southampton,yes,True,0,-0.7348115133796783,-0.0422126047899606
0,3,female,,1,2,23.45,S,Third,woman,False,Southampton,no,False,3,,-0.1740841568014353
1,1,male,26.0,0,0,30.0,C,First,man,True,Cherbourg,yes,True,0,-0.2514779491750586,-0.0422126047899606
0,3,male,32.0,0,0,7.75,Q,Third,man,True,Queenstown,no,True,0,0.16280796300032965,-0.49017322040145855
